,agent0/mean_episode_rewards,agent1/mean_episode_rewards,agent2/mean_episode_rewards,agent_mean/mean_episode_rewards
0,-1.7411260604858398,0.34770306944847107,0.34770306944847107,-0.3485732972621918
1,-1.5285828113555908,0.32384511828422546,0.32384511828422546,-0.2936308681964874
2,-2.0350515842437744,0.36455458402633667,0.36455458402633667,-0.4353141486644745
3,-2.9715416431427,0.5568132400512695,0.5568132400512695,-0.6193050742149353
4,-3.1928508281707764,-0.34707051515579224,-0.34707051515579224,-1.2956639528274536
5,-0.8368326425552368,-0.9059032797813416,-0.9059032797813416,-0.8828797340393066
6,-0.7297179698944092,-0.12861159443855286,-0.12861159443855286,-0.32898038625717163
7,-0.5785216093063354,-0.0167994424700737,-0.0167994424700737,-0.20404016971588135
8,-0.5762473940849304,0.0856817364692688,0.0856817364692688,-0.1349613070487976
9,-0.7551600933074951,0.1821068376302719,0.1821068376302719,-0.13031546771526337
10,-0.557029128074646,0.0002477051457390189,0.0002477051457390189,-0.1855112463235855
11,-0.8751243948936462,0.2003488540649414,0.2003488540649414,-0.15814222395420074
12,-0.5681840777397156,-0.031071970239281654,-0.031071970239281654,-0.21010935306549072
13,-0.5056605339050293,0.04159344732761383,0.04159344732761383,-0.14082454144954681
14,-0.588670015335083,-0.014662467874586582,-0.014662467874586582,-0.20599833130836487
15,-0.5614067316055298,0.1345972716808319,0.1345972716808319,-0.09740407019853592
16,-0.48164114356040955,0.02408711612224579,0.02408711612224579,-0.14448897540569305
17,-0.44178664684295654,0.05102015286684036,0.05102015286684036,-0.1132487803697586
18,-0.49108877778053284,0.21046613156795502,0.21046613156795502,-0.023385513573884964
19,-0.4192425310611725,0.1899615228176117,0.1899615228176117,-0.013106492348015308
20,-0.4174520671367645,0.046987973153591156,0.046987973153591156,-0.1078253760933876
21,-0.5684525966644287,0.11736799776554108,0.11736799776554108,-0.11123887449502945
22,-0.5590841770172119,0.1859288513660431,0.1859288513660431,-0.062408823519945145
23,-0.5840485692024231,0.271811306476593,0.271811306476593,-0.013475299812853336
24,-0.5067008137702942,0.21786390244960785,0.21786390244960785,-0.02365765906870365
25,-0.4951605498790741,0.1981089562177658,0.1981089562177658,-0.03298087790608406
26,-0.5747814178466797,0.2986602783203125,0.2986602783203125,0.007513048592954874
27,-0.3952929973602295,0.1583908051252365,0.1583908051252365,-0.026170458644628525
28,-0.45861753821372986,0.21991422772407532,0.21991422772407532,-0.006263021845370531
29,-0.47998350858688354,0.2672855257987976,0.2672855257987976,0.01819584332406521
30,-0.5067743062973022,0.28978243470191956,0.28978243470191956,0.024263538420200348
31,-0.363252192735672,0.18749941885471344,0.18749941885471344,0.003915547393262386
32,-0.4977337121963501,0.2860751748085022,0.2860751748085022,0.024805545806884766
33,-0.28024959564208984,0.1270541399717331,0.1270541399717331,-0.008713769726455212
34,-0.4770459830760956,0.2896801233291626,0.2896801233291626,0.03410475328564644
35,-0.4985722005367279,0.33458444476127625,0.33458444476127625,0.056865569204092026
36,-0.3774236738681793,0.26649269461631775,0.26649269461631775,0.05185391381382942
37,-0.34619566798210144,0.2582443952560425,0.2582443952560425,0.05676437169313431
38,-0.3140011727809906,0.21190139651298523,0.21190139651298523,0.036600545048713684
39,-0.5137779712677002,0.2855907380580902,0.2855907380580902,0.019134487956762314
40,-0.42103978991508484,0.2818796932697296,0.2818796932697296,0.047573190182447433
41,-0.3772802948951721,0.22841979563236237,0.22841979563236237,0.026519767940044403
42,-0.40141695737838745,0.2788069248199463,0.2788069248199463,0.052065640687942505
43,-0.47940289974212646,0.32829323410987854,0.32829323410987854,0.0590611957013607
44,-0.3577391803264618,0.2252008020877838,0.2252008020877838,0.030887475237250328
45,-0.42428654432296753,0.24901601672172546,0.24901601672172546,0.024581827223300934
46,-0.45336222648620605,0.27314385771751404,0.27314385771751404,0.03097516857087612
47,-0.46201837062835693,0.2593931257724762,0.2593931257724762,0.018922634422779083
48,-0.3463565707206726,0.21651208400726318,0.21651208400726318,0.028889203444123268
49,-0.3860498368740082,0.27037131786346436,0.27037131786346436,0.05156427249312401
50,-0.3184666931629181,0.2017671763896942,0.2017671763896942,0.028355883434414864
51,-0.4184276759624481,0.24281196296215057,0.24281196296215057,0.022398747503757477
52,-0.32214874029159546,0.16972917318344116,0.16972917318344116,0.005769873969256878
53,-0.34049490094184875,0.21671587228775024,0.21671587228775024,0.030978955328464508
54,-0.299482524394989,0.2195034921169281,0.2195034921169281,0.04650815576314926
55,-0.3716883063316345,0.2950686812400818,0.2950686812400818,0.07281634956598282
56,-0.18498221039772034,0.1607048660516739,0.1607048660516739,0.04547584056854248
57,-0.28439223766326904,0.18206076323986053,0.18206076323986053,0.026576433330774307
58,-0.458888441324234,0.24130931496620178,0.24130931496620178,0.007910063490271568
59,-0.28393518924713135,0.18096105754375458,0.18096105754375458,0.025995634496212006
60,-0.2608695924282074,0.1752253770828247,0.1752253770828247,0.02986038848757744
61,-0.31210392713546753,0.19680187106132507,0.19680187106132507,0.02716660685837269
62,-0.2624715566635132,0.18931950628757477,0.18931950628757477,0.038722485303878784
63,-0.3077195882797241,0.1663476526737213,0.1663476526737213,0.008325236849486828
64,-0.33014583587646484,0.20516125857830048,0.20516125857830048,0.026725562289357185
65,-0.4810408353805542,0.28888145089149475,0.28888145089149475,0.03224067762494087
66,-0.44091975688934326,0.2550846338272095,0.2550846338272095,0.0230831578373909
67,-0.30003103613853455,0.1528642475605011,0.1528642475605011,0.0018991556717082858
68,-0.3670807480812073,0.17017123103141785,0.17017123103141785,-0.008912762627005577
69,-0.40590378642082214,0.18306027352809906,0.18306027352809906,-0.013261079788208008
70,-0.3124128580093384,0.1610972136259079,0.1610972136259079,0.0032605305314064026
71,-0.3470478653907776,0.17231518030166626,0.17231518030166626,-0.0008058324456214905
72,-0.3399629592895508,0.19667375087738037,0.19667375087738037,0.017794843763113022
73,-0.36924856901168823,0.20852164924144745,0.20852164924144745,0.015931574627757072
74,-0.5026471018791199,0.2895205020904541,0.2895205020904541,0.025464646518230438
75,-0.3688068389892578,0.23415258526802063,0.23415258526802063,0.03316611051559448
76,-0.369887113571167,0.1955389380455017,0.1955389380455017,0.007063591852784157
77,-0.2729348838329315,0.17075297236442566,0.17075297236442566,0.022857019677758217
78,-0.401550829410553,0.2350977510213852,0.2350977510213852,0.022881561890244484
79,-0.3497392535209656,0.1903974860906601,0.1903974860906601,0.010351904667913914
80,-0.5970083475112915,0.317583292722702,0.317583292722702,0.012719420716166496
81,-0.3932483196258545,0.2436029016971588,0.2436029016971588,0.031319160014390945
82,-0.41737374663352966,0.27079513669013977,0.27079513669013977,0.041405513882637024
83,-0.2501544952392578,0.13735008239746094,0.13735008239746094,0.008181888610124588
84,-0.29085269570350647,0.1558714658021927,0.1558714658021927,0.006963406689465046
85,-0.3894428610801697,0.21330049633979797,0.21330049633979797,0.012386037968099117
86,-0.41475173830986023,0.20973563194274902,0.20973563194274902,0.0015731812454760075
87,-0.38327673077583313,0.19356010854244232,0.19356010854244232,0.0012811687774956226
88,-0.34462040662765503,0.22814497351646423,0.22814497351646423,0.03722318261861801
89,-0.3547268211841583,0.22194796800613403,0.22194796800613403,0.029723044484853745
90,-0.3731572926044464,0.19641070067882538,0.19641070067882538,0.00655470322817564
91,-0.4993445873260498,0.305365651845932,0.305365651845932,0.03712889924645424
92,-0.38499557971954346,0.24004091322422028,0.24004091322422028,0.031695421785116196
93,-0.290322482585907,0.1558629274368286,0.1558629274368286,0.007134460844099522
94,-0.37495917081832886,0.19805049896240234,0.19805049896240234,0.007047275546938181
95,-0.40423062443733215,0.2154499739408493,0.2154499739408493,0.008889771066606045
96,-0.4092661142349243,0.21115709841251373,0.21115709841251373,0.004349361173808575
97,-0.38745108246803284,0.20699894428253174,0.20699894428253174,0.008848934434354305
98,-0.2908954620361328,0.205625981092453,0.205625981092453,0.040118832141160965
99,-0.5025994181632996,0.2614065408706665,0.2614065408706665,0.006737900897860527
100,-0.2830806374549866,0.1943977028131485,0.1943977028131485,0.03523825481534004
101,-0.6359471678733826,0.3688259720802307,0.3688259720802307,0.033901602029800415
102,-0.3708455562591553,0.22485873103141785,0.22485873103141785,0.02629062719643116
103,-0.347769558429718,0.23402544856071472,0.23402544856071472,0.04009377583861351
104,-0.40466949343681335,0.24586480855941772,0.24586480855941772,0.029020046815276146
105,-0.3724987208843231,0.2074684500694275,0.2074684500694275,0.014146056957542896
106,-0.3185133635997772,0.19113750755786896,0.19113750755786896,0.021253880113363266
107,-0.34034720063209534,0.1926315724849701,0.1926315724849701,0.014971986413002014
108,-0.32997164130210876,0.1688702255487442,0.1688702255487442,0.002589603653177619
109,-0.36626768112182617,0.1911994367837906,0.1911994367837906,0.005377061665058136
110,-0.3763521909713745,0.20329660177230835,0.20329660177230835,0.01008034311234951
111,-0.4603864848613739,0.26289084553718567,0.26289084553718567,0.021798398345708847
112,-0.3677878975868225,0.2451629638671875,0.2451629638671875,0.04084600880742073
113,-0.3070918619632721,0.20689377188682556,0.20689377188682556,0.03556522727012634
114,-0.4027314782142639,0.23692885041236877,0.23692885041236877,0.02370874024927616
115,-0.35487741231918335,0.15293659269809723,0.15293659269809723,-0.016334740445017815
116,-0.3613525927066803,0.2381124347448349,0.2381124347448349,0.03829075023531914
117,-0.462011456489563,0.19029562175273895,0.19029562175273895,-0.027140071615576744
118,-0.4334407150745392,0.23636867105960846,0.23636867105960846,0.013098876923322678
119,-0.43529215455055237,0.2586025297641754,0.2586025297641754,0.027304302901029587
120,-0.3757389783859253,0.1863284409046173,0.1863284409046173,-0.001027363701723516
121,-0.4286172688007355,0.21310897171497345,0.21310897171497345,-0.0007997738430276513
122,-0.3785754144191742,0.20093584060668945,0.20093584060668945,0.007765425369143486
123,-0.22910462319850922,0.12363921105861664,0.12363921105861664,0.006057933904230595
124,-0.4419403076171875,0.2413073629140854,0.2413073629140854,0.013558137230575085
125,-0.4970131814479828,0.2596626877784729,0.2596626877784729,0.0074373953975737095
126,-0.390683114528656,0.21037383377552032,0.21037383377552032,0.010021514259278774
127,-0.32255128026008606,0.18358802795410156,0.18358802795410156,0.014874924905598164
128,-0.3362894654273987,0.19211933016777039,0.19211933016777039,0.015983063727617264
129,-0.32947927713394165,0.17589406669139862,0.17589406669139862,0.007436285261064768
130,-0.510298490524292,0.2700681686401367,0.2700681686401367,0.009945940226316452
131,-0.5041783452033997,0.3127962350845337,0.3127962350845337,0.04047137498855591
132,-0.44923296570777893,0.2415168434381485,0.2415168434381485,0.011266909539699554
133,-0.3116852939128876,0.19519925117492676,0.19519925117492676,0.026237728074193
134,-0.49285370111465454,0.21055714786052704,0.21055714786052704,-0.023913132026791573
135,-0.3614266812801361,0.20244558155536652,0.20244558155536652,0.014488158747553825
136,-0.4426007568836212,0.21729986369609833,0.21729986369609833,-0.0026670091319829226
137,-0.44426125288009644,0.24662430584430695,0.24662430584430695,0.016329120844602585
138,-0.4256499409675598,0.21397335827350616,0.21397335827350616,0.0007655969238840044
139,-0.450269490480423,0.21606096625328064,0.21606096625328064,-0.00604918273165822
140,-0.36715927720069885,0.24433854222297668,0.24433854222297668,0.04050593078136444
141,-0.3521716892719269,0.17938154935836792,0.17938154935836792,0.002197131048887968
142,-0.4261704087257385,0.19700591266155243,0.19700591266155243,-0.010719530284404755
143,-0.4705839455127716,0.2563689053058624,0.2563689053058624,0.014051294885575771
144,-0.4987829327583313,0.2736123502254486,0.2736123502254486,0.016147248446941376
145,-0.4461350440979004,0.23002664744853973,0.23002664744853973,0.004639419261366129
146,-0.32760632038116455,0.1956738829612732,0.1956738829612732,0.021247152239084244
147,-0.4287589490413666,0.22284868359565735,0.22284868359565735,0.005646137520670891
148,-0.46336638927459717,0.23096896708011627,0.23096896708011627,-0.0004761455929838121
149,-0.3715195655822754,0.19026117026805878,0.19026117026805878,0.0030009278561919928
150,-0.2717289626598358,0.1681763082742691,0.1681763082742691,0.021541213616728783
151,-0.34426069259643555,0.14769430458545685,0.14769430458545685,-0.0162906926125288
152,-0.37475088238716125,0.23470251262187958,0.23470251262187958,0.031551383435726166
153,-0.5557681918144226,0.34726741909980774,0.34726741909980774,0.046255551278591156
154,-0.4864654242992401,0.3290555775165558,0.3290555775165558,0.057215236127376556
155,-0.5515892505645752,0.26866409182548523,0.26866409182548523,-0.004753685090690851
156,-0.5085137486457825,0.2648323178291321,0.2648323178291321,0.007050293497741222
157,-0.42447105050086975,0.21910005807876587,0.21910005807876587,0.004576355218887329
158,-0.43113499879837036,0.2012232542037964,0.2012232542037964,-0.009562831372022629
159,-0.45584636926651,0.26945245265960693,0.26945245265960693,0.027686186134815216
160,-0.3350883722305298,0.20663808286190033,0.20663808286190033,0.02606259100139141
161,-0.3512343466281891,0.19934231042861938,0.19934231042861938,0.015816763043403625
162,-0.3791579306125641,0.213462695479393,0.213462695479393,0.015922492370009422
163,-0.4242427945137024,0.24457237124443054,0.24457237124443054,0.021633988246321678
164,-0.38561615347862244,0.17429298162460327,0.17429298162460327,-0.012343397364020348
165,-0.2999376356601715,0.1167878732085228,0.1167878732085228,-0.022120632231235504
166,-0.4574599862098694,0.20329546928405762,0.20329546928405762,-0.016956349834799767
167,-0.4460708200931549,0.1861514449119568,0.1861514449119568,-0.024589307606220245
168,-0.34659692645072937,0.20908960700035095,0.20908960700035095,0.023860763758420944
169,-0.5651519298553467,0.22588829696178436,0.22588829696178436,-0.03779178857803345
170,-0.3609731197357178,0.21865755319595337,0.21865755319595337,0.02544732205569744
171,-0.2892666757106781,0.17175526916980743,0.17175526916980743,0.018081285059452057
172,-0.31026002764701843,0.1660306304693222,0.1660306304693222,0.0072670807130634785
173,-0.4260406196117401,0.16697381436824799,0.16697381436824799,-0.030697666108608246
174,-0.36147594451904297,0.1317727267742157,0.1317727267742157,-0.03264349699020386
175,-0.42065030336380005,0.23598095774650574,0.23598095774650574,0.01710387133061886
176,-0.42938435077667236,0.17828252911567688,0.17828252911567688,-0.0242730975151062
177,-0.3596043884754181,0.17265810072422028,0.17265810072422028,-0.00476272776722908
178,-0.5120631456375122,0.2779536545276642,0.2779536545276642,0.014614712446928024
179,-0.4426250159740448,0.24265676736831665,0.24265676736831665,0.014229513704776764
180,-0.4434933364391327,0.2207225263118744,0.2207225263118744,-0.0006827649776823819
181,-0.32477784156799316,0.16633395850658417,0.16633395850658417,0.002630016067996621
182,-0.38030093908309937,0.1778985857963562,0.1778985857963562,-0.008167924359440804
183,-0.4524896442890167,0.20630979537963867,0.20630979537963867,-0.013290021568536758
184,-0.4137502610683441,0.21173715591430664,0.21173715591430664,0.0032413506414741278
185,-0.35905328392982483,0.16517484188079834,0.16517484188079834,-0.00956786423921585
186,-0.29492366313934326,0.12255504727363586,0.12255504727363586,-0.016604522243142128
187,-0.5039724707603455,0.22653146088123322,0.22653146088123322,-0.01696985587477684
188,-0.41961756348609924,0.23179219663143158,0.23179219663143158,0.014655612409114838
189,-0.3215096592903137,0.10522542148828506,0.10522542148828506,-0.037019599229097366
190,-0.3897094428539276,0.21066364645957947,0.21066364645957947,0.010539282113313675
191,-0.5514310598373413,0.2772354483604431,0.2772354483604431,0.0010132626630365849
192,-0.5342170596122742,0.2530950605869293,0.2530950605869293,-0.009342316538095474
193,-0.3746906816959381,0.24405203759670258,0.24405203759670258,0.03780446574091911
194,-0.3756769299507141,0.12736095488071442,0.12736095488071442,-0.04031834006309509
195,-0.5252044200897217,0.23663131892681122,0.23663131892681122,-0.017313918098807335
196,-0.4894615113735199,0.21023263037204742,0.21023263037204742,-0.02299874648451805
197,-0.6451255083084106,0.2646753191947937,0.2646753191947937,-0.038591623306274414
198,-0.6186197400093079,0.28217679262161255,0.28217679262161255,-0.01808871515095234
199,-0.4610293209552765,0.22147342562675476,0.22147342562675476,-0.006027491297572851
200,-0.5242981314659119,0.30520373582839966,0.30520373582839966,0.028703102841973305
201,-0.2855534851551056,0.10983266681432724,0.10983266681432724,-0.021962713450193405
202,-0.4688125550746918,0.26894453167915344,0.26894453167915344,0.0230255164206028
203,-0.40736833214759827,0.18461742997169495,0.18461742997169495,-0.012711158953607082
204,-0.3630114793777466,0.1577957272529602,0.1577957272529602,-0.015806667506694794
205,-0.35280051827430725,0.2004181146621704,0.2004181146621704,0.016011901199817657
206,-0.47645246982574463,0.21827161312103271,0.21827161312103271,-0.013303079642355442
207,-0.5261388421058655,0.26798883080482483,0.26798883080482483,0.00327961309812963
208,-0.4432368874549866,0.23942631483078003,0.23942631483078003,0.011871910654008389
209,-0.4511837959289551,0.23047326505184174,0.23047326505184174,0.0032542420085519552
210,-0.5412497520446777,0.25923052430152893,0.25923052430152893,-0.007596225012093782
211,-0.4989577829837799,0.27399981021881104,0.27399981021881104,0.016347285360097885
212,-0.437893271446228,0.20859602093696594,0.20859602093696594,-0.006900404114276171
213,-0.4958866536617279,0.2516937255859375,0.2516937255859375,0.0025002723559737206
214,-0.5483965277671814,0.26520803570747375,0.26520803570747375,-0.005993482191115618
215,-0.4405892491340637,0.2131865918636322,0.2131865918636322,-0.00473869638517499
216,-0.6210039854049683,0.34855905175209045,0.34855905175209045,0.025371383875608444
217,-0.5207582116127014,0.2555542290210724,0.2555542290210724,-0.0032165823504328728
218,-0.453857958316803,0.2111559808254242,0.2111559808254242,-0.010515333153307438
219,-0.4649788439273834,0.25529658794403076,0.25529658794403076,0.015204772353172302
220,-0.3844451308250427,0.2062256783246994,0.2062256783246994,0.009335407987236977
221,-0.47295576333999634,0.21914944052696228,0.21914944052696228,-0.011552286334335804
222,-0.35823744535446167,0.2158602625131607,0.2158602625131607,0.02449435368180275
223,-0.422689288854599,0.22007955610752106,0.22007955610752106,0.005823276471346617
224,-0.42693188786506653,0.1992977112531662,0.1992977112531662,-0.00944549310952425
225,-0.35550737380981445,0.2234509289264679,0.2234509289264679,0.03046482987701893
226,-0.378898024559021,0.16542339324951172,0.16542339324951172,-0.01601707562804222
227,-0.29821643233299255,0.13961027562618256,0.13961027562618256,-0.006331965792924166
228,-0.4475347101688385,0.25915974378585815,0.25915974378585815,0.023594921454787254
229,-0.6000592112541199,0.2746940553188324,0.2746940553188324,-0.01689036935567856
230,-0.5334774255752563,0.2602308988571167,0.2602308988571167,-0.0043385447934269905
231,-0.4504419267177582,0.19634011387825012,0.19634011387825012,-0.019253898411989212
232,-0.391646146774292,0.212375208735466,0.212375208735466,0.011034750379621983
233,-0.6578585505485535,0.3175419569015503,0.3175419569015503,-0.00759154325351119
234,-0.5248908996582031,0.22408805787563324,0.22408805787563324,-0.025571592152118683
235,-0.3757731318473816,0.12138859927654266,0.12138859927654266,-0.04433198273181915
236,-0.433114618062973,0.23892362415790558,0.23892362415790558,0.014910869300365448
237,-0.4354487955570221,0.2117246687412262,0.2117246687412262,-0.003999821841716766
238,-0.40175661444664,0.24058984220027924,0.24058984220027924,0.02647436037659645
239,-0.48225948214530945,0.23264262080192566,0.23264262080192566,-0.0056580728851258755
240,-0.48634010553359985,0.2014034241437912,0.2014034241437912,-0.027844412252306938
241,-0.3432071805000305,0.14598211646080017,0.14598211646080017,-0.01708097942173481
242,-0.4494262933731079,0.18867957592010498,0.18867957592010498,-0.02402237430214882
243,-0.4511226415634155,0.2114630788564682,0.2114630788564682,-0.009398828260600567
244,-0.3478838801383972,0.23778322339057922,0.23778322339057922,0.04256085306406021
245,-0.4027300179004669,0.21731442213058472,0.21731442213058472,0.010632939636707306
246,-0.35605719685554504,0.15931445360183716,0.15931445360183716,-0.012476098723709583
247,-0.5086003541946411,0.1811547726392746,0.1811547726392746,-0.048763614147901535
248,-0.5259475111961365,0.29346442222595215,0.29346442222595215,0.02032710239291191
249,-0.4877592921257019,0.25536373257637024,0.25536373257637024,0.007656061090528965
250,-0.42904216051101685,0.24739708006381989,0.24739708006381989,0.02191733755171299
251,-0.4077964127063751,0.19851504266262054,0.19851504266262054,-0.0035887702833861113
252,-0.5223154425621033,0.2882627844810486,0.2882627844810486,0.018070055171847343
253,-0.38825511932373047,0.17511244118213654,0.17511244118213654,-0.012676747515797615
254,-0.4812988042831421,0.22659096121788025,0.22659096121788025,-0.009372291155159473
255,-0.5599666237831116,0.21907584369182587,0.21907584369182587,-0.04060498625040054
256,-0.3744893968105316,0.1681070178747177,0.1681070178747177,-0.01275845430791378
257,-0.49127626419067383,0.25612008571624756,0.25612008571624756,0.006987961940467358
258,-0.3807007074356079,0.18601901829242706,0.18601901829242706,-0.0028875621501356363
259,-0.4393343925476074,0.2462412565946579,0.2462412565946579,0.01771603897213936
260,-0.48833906650543213,0.2901768386363983,0.2901768386363983,0.030671536922454834
261,-0.3681860566139221,0.19028246402740479,0.19028246402740479,0.004126285202801228
262,-0.41601935029029846,0.241837278008461,0.241837278008461,0.022551734000444412
263,-0.4635910391807556,0.2567079961299896,0.2567079961299896,0.01660831645131111
264,-0.3377262055873871,0.16603240370750427,0.16603240370750427,-0.0018871307838708162
265,-0.46045413613319397,0.2060396522283554,0.2060396522283554,-0.016124941408634186
266,-0.2986599802970886,0.15983808040618896,0.15983808040618896,0.007005395833402872
267,-0.44067859649658203,0.25687816739082336,0.25687816739082336,0.024359242990612984
268,-0.33209702372550964,0.17455057799816132,0.17455057799816132,0.005668047349900007
269,-0.49992555379867554,0.26057305932044983,0.26057305932044983,0.007073515094816685
270,-0.5680294632911682,0.2374146431684494,0.2374146431684494,-0.031066719442605972
271,-0.3131621778011322,0.16303861141204834,0.16303861141204834,0.0043050129897892475
272,-0.5213015079498291,0.30399376153945923,0.30399376153945923,0.028895346447825432
273,-0.3197025656700134,0.08482644706964493,0.08482644706964493,-0.050016555935144424
274,-0.4587635397911072,0.2456071525812149,0.2456071525812149,0.010816922411322594
275,-0.49874794483184814,0.21887065470218658,0.21887065470218658,-0.020335542038083076
276,-0.3743823766708374,0.19816501438617706,0.19816501438617706,0.007315883878618479
277,-0.4473652243614197,0.18887946009635925,0.18887946009635925,-0.02320210263133049
278,-0.5229858160018921,0.16778796911239624,0.16778796911239624,-0.0624699704349041
279,-0.40051916241645813,0.19491933286190033,0.19491933286190033,-0.0035601609852164984
280,-0.40424105525016785,0.231604665517807,0.231604665517807,0.01965608261525631
281,-0.41927874088287354,0.16423654556274414,0.16423654556274414,-0.030268551781773567
282,-0.4126000702381134,0.2388836145401001,0.2388836145401001,0.02172238379716873
283,-0.36017268896102905,0.16778644919395447,0.16778644919395447,-0.008199930191040039
284,-0.6437033414840698,0.3261314630508423,0.3261314630508423,0.0028531972784549
285,-0.43267619609832764,0.19139927625656128,0.19139927625656128,-0.01662587746977806
286,-0.5719540119171143,0.2804965078830719,0.2804965078830719,-0.0036536678671836853
287,-0.503128170967102,0.26559826731681824,0.26559826731681824,0.009356122463941574
288,-0.5743061900138855,0.27726641297340393,0.27726641297340393,-0.006591116078197956
289,-0.4217827618122101,0.18542370200157166,0.18542370200157166,-0.01697845198214054
290,-0.4091643989086151,0.18328233063220978,0.18328233063220978,-0.014199909754097462
291,-0.31465286016464233,0.13319513201713562,0.13319513201713562,-0.016087530180811882
292,-0.4134289026260376,0.20038215816020966,0.20038215816020966,-0.00422152504324913
293,-0.44211485981941223,0.2463935911655426,0.2463935911655426,0.01689077354967594
294,-0.49327945709228516,0.25670772790908813,0.25670772790908813,0.006711999885737896
295,-0.438842236995697,0.16665518283843994,0.16665518283843994,-0.03517729043960571
296,-0.46133172512054443,0.26812395453453064,0.26812395453453064,0.024972060695290565
297,-0.3867974877357483,0.20524032413959503,0.20524032413959503,0.00789438933134079
298,-0.6074799299240112,0.2667666971683502,0.2667666971683502,-0.024648845195770264
299,-0.5092707276344299,0.27468279004096985,0.27468279004096985,0.013364939950406551
300,-0.45722925662994385,0.19668078422546387,0.19668078422546387,-0.02128923125565052
301,-0.5106961727142334,0.32707440853118896,0.32707440853118896,0.047817543148994446
302,-0.5801794528961182,0.27537330985069275,0.27537330985069275,-0.00981093104928732
303,-0.3717324435710907,0.17969408631324768,0.17969408631324768,-0.004114754498004913
304,-0.529462993144989,0.29992398619651794,0.29992398619651794,0.023461652919650078
305,-0.4098820984363556,0.1430039256811142,0.1430039256811142,-0.04129141569137573
306,-0.5224629044532776,0.29845571517944336,0.29845571517944336,0.02481616847217083
307,-0.3280811309814453,0.14564016461372375,0.14564016461372375,-0.012266941368579865
308,-0.4849355220794678,0.2355102002620697,0.2355102002620697,-0.00463837431743741
309,-0.44707196950912476,0.24555571377277374,0.24555571377277374,0.014679810963571072
310,-0.4884366989135742,0.22318622469902039,0.22318622469902039,-0.014021413400769234
311,-0.5877048373222351,0.2908128798007965,0.2908128798007965,-0.002026365138590336
312,-0.4469687342643738,0.20169056951999664,0.20169056951999664,-0.014529201202094555
313,-0.35956189036369324,0.13907426595687866,0.13907426595687866,-0.027137789875268936
314,-0.46399572491645813,0.24548636376857758,0.24548636376857758,0.008992334827780724
315,-0.22376558184623718,0.10929983854293823,0.10929983854293823,-0.0017219687579199672
316,-0.3834192454814911,0.2214464694261551,0.2214464694261551,0.019824566319584846
317,-0.5248364210128784,0.24906374514102936,0.24906374514102936,-0.00890298467129469
318,-0.40653130412101746,0.2008546143770218,0.2008546143770218,-0.0016073593869805336
319,-0.35848844051361084,0.16273793578147888,0.16273793578147888,-0.011004192754626274
320,-0.515218198299408,0.23359517753124237,0.23359517753124237,-0.01600927673280239
321,-0.42653536796569824,0.2284400910139084,0.2284400910139084,0.010114937089383602
322,-0.42645400762557983,0.22950512170791626,0.22950512170791626,0.010852079838514328
323,-0.4840654134750366,0.25478336215019226,0.25478336215019226,0.008500436320900917
324,-0.3039701581001282,0.16523808240890503,0.16523808240890503,0.008835325948894024
325,-0.4627293646335602,0.23400919139385223,0.23400919139385223,0.0017630023648962379
326,-0.3986372649669647,0.23908843100070953,0.23908843100070953,0.026513198390603065
327,-0.5228615403175354,0.290092408657074,0.290092408657074,0.01910775899887085
328,-0.5003717541694641,0.2693411409854889,0.2693411409854889,0.012770186178386211
329,-0.42146381735801697,0.24963630735874176,0.24963630735874176,0.025936266407370567
330,-0.4316306412220001,0.2604738473892212,0.2604738473892212,0.029772350564599037
331,-0.42065244913101196,0.23275110125541687,0.23275110125541687,0.014949913136661053
332,-0.4343286454677582,0.2507155239582062,0.2507155239582062,0.022367479279637337
333,-0.526722252368927,0.2946920096874237,0.2946920096874237,0.020887259393930435
334,-0.40324723720550537,0.21831318736076355,0.21831318736076355,0.011126370169222355
335,-0.5221644639968872,0.28705981373786926,0.28705981373786926,0.017318401485681534
336,-0.5348452925682068,0.24055525660514832,0.24055525660514832,-0.01791158691048622
337,-0.3307214677333832,0.20637725293636322,0.20637725293636322,0.027344344183802605
338,-0.40600380301475525,0.2186477780342102,0.2186477780342102,0.010430590249598026
339,-0.5005791783332825,0.24432754516601562,0.24432754516601562,-0.003974697086960077
340,-0.5459167957305908,0.2360059767961502,0.2360059767961502,-0.024634942412376404
341,-0.41276684403419495,0.273058146238327,0.273058146238327,0.044449809938669205
342,-0.5012797713279724,0.2694799304008484,0.2694799304008484,0.012560028582811356
343,-0.5449259281158447,0.2731136381626129,0.2731136381626129,0.0004337811260484159
344,-0.45760250091552734,0.2273036539554596,0.2273036539554596,-0.0009983954951167107
345,-0.3743971586227417,0.22246602177619934,0.22246602177619934,0.023511627689003944
346,-0.7308233380317688,0.32339856028556824,0.32339856028556824,-0.02800874598324299
347,-0.4572578966617584,0.2490488439798355,0.2490488439798355,0.013613265939056873
348,-0.3214498460292816,0.17132122814655304,0.17132122814655304,0.007064207922667265
349,-0.2945623993873596,0.12262217700481415,0.12262217700481415,-0.016439348459243774
350,-0.35935309529304504,0.1858256757259369,0.1858256757259369,0.004099419340491295
351,-0.36477482318878174,0.18902166187763214,0.18902166187763214,0.004422828089445829
352,-0.48528921604156494,0.2517678737640381,0.2517678737640381,0.006082182750105858
353,-0.3414798378944397,0.20127762854099274,0.20127762854099274,0.02035846933722496
354,-0.3808363676071167,0.2184627503156662,0.2184627503156662,0.01869637705385685
355,-0.41096067428588867,0.16918078064918518,0.16918078064918518,-0.024199703708291054
356,-0.5236812829971313,0.2598041594028473,0.2598041594028473,-0.0013576510827988386
357,-0.47166019678115845,0.28207194805145264,0.28207194805145264,0.030827905982732773
358,-0.351792573928833,0.19723308086395264,0.19723308086395264,0.014224532060325146
359,-0.28896021842956543,0.13487231731414795,0.13487231731414795,-0.00640519242733717
360,-0.45834794640541077,0.24723553657531738,0.24723553657531738,0.012041034176945686
361,-0.37601855397224426,0.1851581335067749,0.1851581335067749,-0.0019007701193913817
362,-0.3923470675945282,0.22438929975032806,0.22438929975032806,0.018810506910085678
363,-0.40011176466941833,0.16833658516407013,0.16833658516407013,-0.021146198734641075
364,-0.6048608422279358,0.29614219069480896,0.29614219069480896,-0.0041921562515199184
365,-0.3949320316314697,0.2008344978094101,0.2008344978094101,0.002245648531243205
366,-0.360988974571228,0.15171869099140167,0.15171869099140167,-0.019183872267603874
367,-0.3238569498062134,0.19273065030574799,0.19273065030574799,0.020534776151180267
368,-0.44077932834625244,0.2379090040922165,0.2379090040922165,0.011679562740027905
369,-0.4465014636516571,0.2698816657066345,0.2698816657066345,0.031087279319763184
370,-0.36750248074531555,0.22897568345069885,0.22897568345069885,0.030149629339575768
371,-0.3504481315612793,0.15506893396377563,0.15506893396377563,-0.013436761684715748
372,-0.4565480351448059,0.2657381594181061,0.2657381594181061,0.024976100772619247
373,-0.407688170671463,0.19369322061538696,0.19369322061538696,-0.006767250597476959
374,-0.3794383108615875,0.16979944705963135,0.16979944705963135,-0.013279804028570652
375,-0.44376564025878906,0.20805442333221436,0.20805442333221436,-0.009218939580023289
376,-0.5266021490097046,0.23320893943309784,0.23320893943309784,-0.0200614295899868
377,-0.45093607902526855,0.25249579548835754,0.25249579548835754,0.018018517643213272
378,-0.5813281536102295,0.27568528056144714,0.27568528056144714,-0.00998586043715477
379,-0.39281028509140015,0.24896320700645447,0.24896320700645447,0.03503871709108353
380,-0.29817304015159607,0.15632137656211853,0.15632137656211853,0.0048232306726276875
381,-0.4137798547744751,0.21547360718250275,0.21547360718250275,0.005722454749047756
382,-0.6107080578804016,0.3353215157985687,0.3353215157985687,0.019978323951363564
383,-0.4925212264060974,0.21321816742420197,0.21321816742420197,-0.022028299048542976
384,-0.44802770018577576,0.25460147857666016,0.25460147857666016,0.02039174549281597
385,-0.35590624809265137,0.22491994500160217,0.22491994500160217,0.031311217695474625
386,-0.600482165813446,0.28613728284835815,0.28613728284835815,-0.009402533993124962
387,-0.26754212379455566,0.12847332656383514,0.12847332656383514,-0.0035318187437951565
388,-0.5071965456008911,0.2901487648487091,0.2901487648487091,0.02436700277030468
389,-0.42444244027137756,0.20719066262245178,0.20719066262245178,-0.003353698644787073
390,-0.44709816575050354,0.22217097878456116,0.22217097878456116,-0.00091873190831393
391,-0.517866849899292,0.2558019459247589,0.2558019459247589,-0.002087661763653159
392,-0.3679550886154175,0.18433059751987457,0.18433059751987457,0.00023536113440059125
393,-0.35535165667533875,0.198820099234581,0.198820099234581,0.014096187427639961
394,-0.48840996623039246,0.28357556462287903,0.28357556462287903,0.02624705620110035
395,-0.42627716064453125,0.26420116424560547,0.26420116424560547,0.03404172882437706
396,-0.3998100459575653,0.2029186636209488,0.2029186636209488,0.002009086776524782
397,-0.6143037676811218,0.32980114221572876,0.32980114221572876,0.015099497511982918
398,-0.29503434896469116,0.13930363953113556,0.13930363953113556,-0.005475688725709915
399,-0.4293195307254791,0.2918602526187897,0.2918602526187897,0.05146699398756027
400,-0.5072974562644958,0.21567361056804657,0.21567361056804657,-0.02531675063073635
401,-0.5760363936424255,0.28226301074028015,0.28226301074028015,-0.0038367845118045807
402,-0.6660035252571106,0.37593746185302734,0.37593746185302734,0.0286237895488739
403,-0.5153070688247681,0.3221718966960907,0.3221718966960907,0.04301224648952484
404,-0.34797877073287964,0.18271470069885254,0.18271470069885254,0.005816881079226732
405,-0.49907413125038147,0.2875414788722992,0.2875414788722992,0.02533627673983574
406,-0.4850030243396759,0.2669335603713989,0.2669335603713989,0.01628803461790085
407,-0.49687787890434265,0.27109286189079285,0.27109286189079285,0.015102616511285305
408,-0.4629722237586975,0.2495197057723999,0.2495197057723999,0.012022394686937332
409,-0.5176904797554016,0.2359112650156021,0.2359112650156021,-0.015289311297237873
410,-0.516382098197937,0.22711576521396637,0.22711576521396637,-0.02071685530245304
411,-0.43175673484802246,0.2092643678188324,0.2092643678188324,-0.004409331362694502
412,-0.5340948104858398,0.26548251509666443,0.26548251509666443,-0.001043270924128592
413,-0.6177886128425598,0.27251362800598145,0.27251362800598145,-0.024253791198134422
414,-0.3790922164916992,0.23530428111553192,0.23530428111553192,0.030505454167723656
415,-0.5210581421852112,0.2542959451675415,0.2542959451675415,-0.004155425354838371
416,-0.5458985567092896,0.188603013753891,0.188603013753891,-0.056230850517749786
417,-0.49776116013526917,0.25110745429992676,0.25110745429992676,0.0014845870900899172
418,-0.29474809765815735,0.22076135873794556,0.22076135873794556,0.04892487823963165
419,-0.3701851963996887,0.2107788622379303,0.2107788622379303,0.017124177888035774
420,-0.379529744386673,0.1813855767250061,0.1813855767250061,-0.0055861929431557655
421,-0.5636701583862305,0.29820185899734497,0.29820185899734497,0.010911189019680023
422,-0.4267747104167938,0.22487351298332214,0.22487351298332214,0.007657431997358799
423,-0.41900715231895447,0.24390515685081482,0.24390515685081482,0.022934390231966972
424,-0.47646811604499817,0.2317502796649933,0.2317502796649933,-0.0043225158005952835
425,-0.36807748675346375,0.18180012702941895,0.18180012702941895,-0.0014924023998901248
426,-0.5073592662811279,0.2428331822156906,0.2428331822156906,-0.007230962626636028
427,-0.5656034350395203,0.28866150975227356,0.28866150975227356,0.003906534519046545
428,-0.591942310333252,0.22782830893993378,0.22782830893993378,-0.0454285703599453
429,-0.46328938007354736,0.1672387272119522,0.1672387272119522,-0.04293731227517128
430,-0.43155044317245483,0.23542971909046173,0.23542971909046173,0.01310300175100565
431,-0.4906270205974579,0.24309894442558289,0.24309894442558289,-0.0014763787621632218
432,-0.5705337524414062,0.27908211946487427,0.27908211946487427,-0.004123162943869829
433,-0.6717637181282043,0.3152875602245331,0.3152875602245331,-0.013729526661336422
434,-0.5159319639205933,0.30769288539886475,0.30769288539886475,0.03315126150846481
435,-0.4162219762802124,0.24370333552360535,0.24370333552360535,0.023728229105472565
436,-0.44319474697113037,0.2831575870513916,0.2831575870513916,0.04104014113545418
437,-0.45253148674964905,0.24718014895915985,0.24718014895915985,0.013942938297986984
438,-0.6013573408126831,0.28509795665740967,0.28509795665740967,-0.010387138463556767
439,-0.5842620134353638,0.3121490478515625,0.3121490478515625,0.013345355167984962
440,-0.2938702404499054,0.1593034416437149,0.1593034416437149,0.00824554730206728
441,-0.3875524401664734,0.23745106160640717,0.23745106160640717,0.029116559773683548
442,-0.4299784302711487,0.2455083429813385,0.2455083429813385,0.020346086472272873
443,-0.4520114064216614,0.2778518497943878,0.2778518497943878,0.034564096480607986
444,-0.395522803068161,0.2311941683292389,0.2311941683292389,0.022288508713245392
445,-0.426283597946167,0.24010109901428223,0.24010109901428223,0.01797286607325077
446,-0.40510794520378113,0.2383464276790619,0.2383464276790619,0.023861637338995934
447,-0.4704797863960266,0.22456295788288116,0.22456295788288116,-0.00711796386167407
448,-0.4975937306880951,0.24834688007831573,0.24834688007831573,-0.0002999860735144466
449,-0.5045997500419617,0.2927723228931427,0.2927723228931427,0.02698163129389286
450,-0.338607519865036,0.22502857446670532,0.22502857446670532,0.037149880081415176
451,-0.37278294563293457,0.19938193261623383,0.19938193261623383,0.008660309948027134
452,-0.5155097842216492,0.2968997359275818,0.2968997359275818,0.026096565648913383
453,-0.38101643323898315,0.21275684237480164,0.21275684237480164,0.014832411892712116
454,-0.3545943796634674,0.25371691584587097,0.25371691584587097,0.05094647780060768
455,-0.39351630210876465,0.20677347481250763,0.20677347481250763,0.0066768815740942955
456,-0.5116373896598816,0.2750031054019928,0.2750031054019928,0.012789594940841198
457,-0.3580331802368164,0.14103472232818604,0.14103472232818604,-0.025321248918771744
458,-0.5224963426589966,0.2693587839603424,0.2693587839603424,0.005407069344073534
459,-0.366858571767807,0.21563583612442017,0.21563583612442017,0.021471036598086357
460,-0.43756958842277527,0.2484608292579651,0.2484608292579651,0.019784031435847282
461,-0.5254427194595337,0.3045386075973511,0.3045386075973511,0.027878157794475555
462,-0.4804142415523529,0.2489994764328003,0.2489994764328003,0.005861570127308369
463,-0.38992032408714294,0.19316981732845306,0.19316981732845306,-0.0011935654329136014
464,-0.590022087097168,0.29910749197006226,0.29910749197006226,0.002730965381488204
465,-0.44044196605682373,0.24479201436042786,0.24479201436042786,0.016380686312913895
466,-0.4898744523525238,0.29186397790908813,0.29186397790908813,0.031284503638744354
467,-0.5286840200424194,0.301105260848999,0.301105260848999,0.02450883947312832
468,-0.3244158625602722,0.22373248636722565,0.22373248636722565,0.04101637005805969
469,-0.5633081793785095,0.28159523010253906,0.28159523010253906,-3.923060285160318e-05
470,-0.49660155177116394,0.30310294032096863,0.30310294032096863,0.03653476759791374
471,-0.3423815071582794,0.22430947422981262,0.22430947422981262,0.035412486642599106
472,-0.5148727893829346,0.28552427887916565,0.28552427887916565,0.018725259229540825
473,-0.3928375542163849,0.22531795501708984,0.22531795501708984,0.019266115501523018
474,-0.44621211290359497,0.2483120560646057,0.2483120560646057,0.01680399291217327
475,-0.4500502347946167,0.18062494695186615,0.18062494695186615,-0.0296001173555851
476,-0.5955953001976013,0.3557235598564148,0.3557235598564148,0.03861726447939873
477,-0.5001049041748047,0.26768064498901367,0.26768064498901367,0.011752123013138771
478,-0.49432364106178284,0.24139538407325745,0.24139538407325745,-0.0038442877121269703
479,-0.5721020698547363,0.3378876745700836,0.3378876745700836,0.0345577672123909
480,-0.4683230519294739,0.23505474627017975,0.23505474627017975,0.0005954786320216954
481,-0.6044279336929321,0.31612393260002136,0.31612393260002136,0.009273317642509937
482,-0.45059749484062195,0.22361445426940918,0.22361445426940918,-0.0011228673392906785
483,-0.5876213312149048,0.29611608386039734,0.29611608386039734,0.0015369470929726958
484,-0.4721274971961975,0.29064813256263733,0.29064813256263733,0.03638958930969238
485,-0.5246986150741577,0.3268119692802429,0.3268119692802429,0.04297510161995888
486,-0.3022593557834625,0.2010444700717926,0.2010444700717926,0.033276528120040894
487,-0.3885624408721924,0.21280290186405182,0.21280290186405182,0.012347782962024212
488,-0.524289608001709,0.2829059660434723,0.2829059660434723,0.01384077686816454
489,-0.38549280166625977,0.23588703572750092,0.23588703572750092,0.028760427609086037
490,-0.3913474678993225,0.245553120970726,0.245553120970726,0.03325292468070984
491,-0.5106222629547119,0.2304268628358841,0.2304268628358841,-0.016589513048529625
492,-0.4580482542514801,0.27095380425453186,0.27095380425453186,0.027953121811151505
493,-0.4108566641807556,0.22626249492168427,0.22626249492168427,0.013889438472688198
494,-0.4344596564769745,0.21006233990192413,0.21006233990192413,-0.004778324160724878
495,-0.543479323387146,0.2946067750453949,0.2946067750453949,0.015244741924107075
496,-0.43071848154067993,0.2762359082698822,0.2762359082698822,0.04058444872498512
497,-0.4234612286090851,0.2725716531276703,0.2725716531276703,0.04056068882346153
498,-0.3964894413948059,0.21816369891166687,0.21816369891166687,0.013279319740831852
499,-0.6796698570251465,0.28424757719039917,0.28424757719039917,-0.03705822303891182
500,-0.3661583960056305,0.17776308953762054,0.17776308953762054,-0.0035440644714981318
501,-0.5067944526672363,0.21105557680130005,0.21105557680130005,-0.02822776325047016
502,-0.41327887773513794,0.2976970076560974,0.2976970076560974,0.06070505455136299
503,-0.4281747341156006,0.21886378526687622,0.21886378526687622,0.0031842782627791166
504,-0.5432782173156738,0.2714860141277313,0.2714860141277313,-0.00010207290324615315
505,-0.5083788633346558,0.3000906705856323,0.3000906705856323,0.030600832775235176
506,-0.44331637024879456,0.26744404435157776,0.26744404435157776,0.03052390366792679
507,-0.6905510425567627,0.36463069915771484,0.36463069915771484,0.012903445400297642
508,-0.5193208456039429,0.3037797808647156,0.3037797808647156,0.029412899166345596
509,-0.48626837134361267,0.2596468925476074,0.2596468925476074,0.011008472181856632
510,-0.6347102522850037,0.3002546429634094,0.3002546429634094,-0.011400330811738968
511,-0.39401188492774963,0.2527875602245331,0.2527875602245331,0.03718774765729904
512,-0.3902728259563446,0.2344197928905487,0.2344197928905487,0.026188913732767105
513,-0.6681994795799255,0.32822272181510925,0.32822272181510925,-0.003917996771633625
514,-0.4788695275783539,0.25009414553642273,0.25009414553642273,0.0071062492206692696
515,-0.5788277983665466,0.37706461548805237,0.37706461548805237,0.05843382701277733
516,-0.49919378757476807,0.2952117621898651,0.2952117621898651,0.0304099190980196
517,-0.28023260831832886,0.11577402800321579,0.11577402800321579,-0.016228189691901207
518,-0.45620307326316833,0.28041160106658936,0.28041160106658936,0.03487337753176689
519,-0.5178555846214294,0.2100667804479599,0.2100667804479599,-0.032574016600847244
520,-0.42831507325172424,0.2630608081817627,0.2630608081817627,0.032602179795503616
521,-0.520984411239624,0.3153473436832428,0.3153473436832428,0.03657008707523346
522,-0.5031542181968689,0.23300319910049438,0.23300319910049438,-0.012382596731185913
523,-0.6097018122673035,0.28169652819633484,0.28169652819633484,-0.015436249785125256
524,-0.42392462491989136,0.23099040985107422,0.23099040985107422,0.012685401365160942
525,-0.49744918942451477,0.20483654737472534,0.20483654737472534,-0.029258696362376213
526,-0.42496007680892944,0.2291218787431717,0.2291218787431717,0.011094569228589535
527,-0.5954617261886597,0.2582261264324188,0.2582261264324188,-0.02633649855852127
528,-0.5907455086708069,0.2837246358394623,0.2837246358394623,-0.007765411864966154
529,-0.7008655667304993,0.3417084813117981,0.3417084813117981,-0.005816192831844091
530,-0.5024241805076599,0.29633939266204834,0.29633939266204834,0.03008486144244671
531,-0.501024603843689,0.26198381185531616,0.26198381185531616,0.007647671736776829
532,-0.5129048824310303,0.2869132459163666,0.2869132459163666,0.02030721679329872
533,-0.559906005859375,0.2653661370277405,0.2653661370277405,-0.009724574163556099
534,-0.44220834970474243,0.23909275233745575,0.23909275233745575,0.01199238933622837
535,-0.5180556774139404,0.2873988449573517,0.2873988449573517,0.01891399919986725
536,-0.4025503993034363,0.19908294081687927,0.19908294081687927,-0.0014615058898925781
537,-0.41518738865852356,0.24515090882778168,0.24515090882778168,0.02503814548254013
538,-0.4883261024951935,0.2810746729373932,0.2810746729373932,0.024607745930552483
539,-0.3820815086364746,0.23551486432552338,0.23551486432552338,0.029649412259459496
540,-0.5067521333694458,0.29796910285949707,0.29796910285949707,0.029728703200817108
541,-0.3262593448162079,0.14827927947044373,0.14827927947044373,-0.009900268167257309
542,-0.4479789435863495,0.22068336606025696,0.22068336606025696,-0.0022040694020688534
543,-0.5913515090942383,0.3160991072654724,0.3160991072654724,0.013615560717880726
544,-0.40219637751579285,0.25664180517196655,0.25664180517196655,0.037029068917036057
545,-0.4613772928714752,0.31150373816490173,0.31150373816490173,0.053876735270023346
546,-0.5815458297729492,0.25113698840141296,0.25113698840141296,-0.02642395906150341
547,-0.5597178339958191,0.28653183579444885,0.28653183579444885,0.004448611289262772
548,-0.472156286239624,0.26501595973968506,0.26501595973968506,0.01929187960922718
549,-0.5388906002044678,0.3217805325984955,0.3217805325984955,0.03489014133810997
550,-0.5493337512016296,0.297256201505661,0.297256201505661,0.01505955308675766
551,-0.5615649223327637,0.2778540253639221,0.2778540253639221,-0.0019522870425134897
552,-0.39388513565063477,0.20910115540027618,0.20910115540027618,0.008105728775262833
553,-0.5150326490402222,0.2981228828430176,0.2981228828430176,0.02707103081047535
554,-0.4133608043193817,0.2325407862663269,0.2325407862663269,0.017240256071090698
555,-0.4307776987552643,0.25951892137527466,0.25951892137527466,0.029420047998428345
556,-0.6151917576789856,0.3310236632823944,0.3310236632823944,0.015618531033396721
557,-0.563988447189331,0.29592040181159973,0.29592040181159973,0.0092841275036335
558,-0.583552896976471,0.32052695751190186,0.32052695751190186,0.019167013466358185
559,-0.39931729435920715,0.20467509329319,0.20467509329319,0.0033442978747189045
560,-0.4396137595176697,0.24130092561244965,0.24130092561244965,0.01432935893535614
561,-0.4041491746902466,0.21116386353969574,0.21116386353969574,0.0060595134273171425
562,-0.6449439525604248,0.3896341919898987,0.3896341919898987,0.04477480798959732
563,-0.48648306727409363,0.21326807141304016,0.21326807141304016,-0.01998230628669262
564,-0.5008306503295898,0.3446664810180664,0.3446664810180664,0.06283409893512726
565,-0.5604038834571838,0.32811078429222107,0.32811078429222107,0.031939223408699036
566,-0.35658323764801025,0.18431125581264496,0.18431125581264496,0.004013097379356623
567,-0.5521916747093201,0.3209180235862732,0.3209180235862732,0.029881449416279793
568,-0.48266878724098206,0.27317726612091064,0.27317726612091064,0.02122858539223671
569,-0.35803282260894775,0.20046740770339966,0.20046740770339966,0.014300665818154812
570,-0.45108041167259216,0.27075228095054626,0.27075228095054626,0.03014138899743557
571,-0.47385427355766296,0.26646745204925537,0.26646745204925537,0.019693557173013687
572,-0.4999755024909973,0.26587098836898804,0.26587098836898804,0.010588827542960644
573,-0.29677945375442505,0.16671690344810486,0.16671690344810486,0.01221811305731535
574,-0.38497990369796753,0.20214907824993134,0.20214907824993134,0.006439418066293001
575,-0.4197515845298767,0.2624569833278656,0.2624569833278656,0.03505411371588707
576,-0.42746061086654663,0.22657206654548645,0.22657206654548645,0.008561177179217339
577,-0.44318249821662903,0.26276129484176636,0.26276129484176636,0.027446694672107697
578,-0.35553431510925293,0.19015100598335266,0.19015100598335266,0.008255905471742153
579,-0.6065129637718201,0.33143043518066406,0.33143043518066406,0.01878264732658863
580,-0.47869858145713806,0.2524583041667938,0.2524583041667938,0.008739340119063854
581,-0.44985833764076233,0.20422229170799255,0.20422229170799255,-0.013804582878947258
582,-0.6285160183906555,0.33421754837036133,0.33421754837036133,0.013306353241205215
583,-0.4658794701099396,0.2678934931755066,0.2678934931755066,0.023302504792809486
584,-0.4127559959888458,0.2037719488143921,0.2037719488143921,-0.0017373666632920504
585,-0.5808801651000977,0.3193877935409546,0.3193877935409546,0.01929846592247486
586,-0.42341187596321106,0.2788996398448944,0.2788996398448944,0.04479580372571945
587,-0.48208504915237427,0.1913384348154068,0.1913384348154068,-0.03313605859875679
588,-0.4906640648841858,0.2513601779937744,0.2513601779937744,0.004018773324787617
589,-0.5129590034484863,0.3041094243526459,0.3041094243526459,0.031753282994031906
590,-0.5376943945884705,0.267760694026947,0.267760694026947,-0.0007243413710966706
591,-0.45882317423820496,0.25187069177627563,0.25187069177627563,0.014972743578255177
592,-0.5195165872573853,0.28054267168045044,0.28054267168045044,0.01385625172406435
593,-0.3807646334171295,0.23472915589809418,0.23472915589809418,0.02956455945968628
594,-0.5790318846702576,0.2627609372138977,0.2627609372138977,-0.0178366731852293
595,-0.3322213590145111,0.24616242945194244,0.24616242945194244,0.05336783453822136
596,-0.5632052421569824,0.27152398228645325,0.27152398228645325,-0.006719108670949936
597,-0.36879226565361023,0.20609083771705627,0.20609083771705627,0.014463129453361034
598,-0.5723757743835449,0.2542194128036499,0.2542194128036499,-0.021312307566404343
599,-0.4507632851600647,0.26886799931526184,0.26886799931526184,0.02899090386927128
600,-0.4654547870159149,0.2477676123380661,0.2477676123380661,0.010026817210018635
601,-0.4314383566379547,0.1918168067932129,0.1918168067932129,-0.01593491993844509
602,-0.7009443640708923,0.3593893051147461,0.3593893051147461,0.005944752600044012
603,-0.4256921112537384,0.23078107833862305,0.23078107833862305,0.011956680566072464
604,-0.39531952142715454,0.22620709240436554,0.22620709240436554,0.01903156004846096
605,-0.5074030160903931,0.23346760869026184,0.23346760869026184,-0.013489256612956524
606,-0.4192032814025879,0.24307435750961304,0.24307435750961304,0.022315140813589096
607,-0.47730883955955505,0.2876091003417969,0.2876091003417969,0.03263644874095917
608,-0.4054359793663025,0.21146751940250397,0.21146751940250397,0.005833021830767393
609,-0.503302276134491,0.29323500394821167,0.29323500394821167,0.027722589671611786
610,-0.3617229461669922,0.22640587389469147,0.22640587389469147,0.03036293387413025
611,-0.36506858468055725,0.19132928550243378,0.19132928550243378,0.005863332189619541
612,-0.45384109020233154,0.28958025574684143,0.28958025574684143,0.04177314415574074
613,-0.3927493989467621,0.20345602929592133,0.20345602929592133,0.004720880184322596
614,-0.4704573452472687,0.30058279633522034,0.30058279633522034,0.043569426983594894
615,-0.7272664308547974,0.3796762526035309,0.3796762526035309,0.010695360600948334
616,-0.46907714009284973,0.29401320219039917,0.29401320219039917,0.03964974731206894
617,-0.3830721080303192,0.22006618976593018,0.22006618976593018,0.019020093604922295
618,-0.3670162260532379,0.17797604203224182,0.17797604203224182,-0.003688040655106306
619,-0.4271584153175354,0.21412304043769836,0.21412304043769836,0.00036256073508411646
620,-0.6122326254844666,0.36070123314857483,0.36070123314857483,0.036389946937561035
621,-0.5308996438980103,0.24997049570083618,0.24997049570083618,-0.010319552384316921
622,-0.42349886894226074,0.2599654495716095,0.2599654495716095,0.03214400261640549
623,-0.47780534625053406,0.22413122653961182,0.22413122653961182,-0.009847625158727169
624,-0.3102436065673828,0.1633499711751938,0.1633499711751938,0.005485448986291885
625,-0.5525873303413391,0.28273504972457886,0.28273504972457886,0.004294257611036301
626,-0.50871342420578,0.2898343503475189,0.2898343503475189,0.023651767522096634
627,-0.5028137564659119,0.3270476758480072,0.3270476758480072,0.05042719095945358
628,-0.5085711479187012,0.29048165678977966,0.29048165678977966,0.02413070760667324
629,-0.37463822960853577,0.1760353296995163,0.1760353296995163,-0.007522515021264553
630,-0.4912129342556,0.24552997946739197,0.24552997946739197,-5.099100599181838e-05
631,-0.3690083622932434,0.22406131029129028,0.22406131029129028,0.0263714250177145
632,-0.44604256749153137,0.2593286633491516,0.2593286633491516,0.024204928427934647
633,-0.504284679889679,0.2795238196849823,0.2795238196849823,0.01825433224439621
634,-0.37646904587745667,0.2088625580072403,0.2088625580072403,0.013752025552093983
635,-0.47603631019592285,0.29006972908973694,0.29006972908973694,0.03470104932785034
636,-0.5439127087593079,0.35358303785324097,0.35358303785324097,0.05441778153181076
637,-0.4322267174720764,0.2894038259983063,0.2894038259983063,0.04886031150817871
638,-0.40943434834480286,0.23746955394744873,0.23746955394744873,0.02183491922914982
639,-0.3943154513835907,0.20370016992092133,0.20370016992092133,0.0043616280891001225
640,-0.6209285855293274,0.3124091625213623,0.3124091625213623,0.0012965830974280834
641,-0.5490686893463135,0.3385447561740875,0.3385447561740875,0.042673591524362564
642,-0.5924005508422852,0.2611907124519348,0.2611907124519348,-0.023339707404375076
643,-0.42841485142707825,0.20898322761058807,0.20898322761058807,-0.003482806496322155
644,-0.46111753582954407,0.24454212188720703,0.24454212188720703,0.009322239086031914
645,-0.5256298780441284,0.25839078426361084,0.25839078426361084,-0.0029494340997189283
646,-0.3404102325439453,0.19995713233947754,0.19995713233947754,0.019834671169519424
647,-0.568596601486206,0.27920058369636536,0.27920058369636536,-0.00339846545830369
648,-0.4802851676940918,0.311728298664093,0.311728298664093,0.047723811119794846
649,-0.4129762649536133,0.17198485136032104,0.17198485136032104,-0.02300219051539898
650,-0.4440951645374298,0.216483935713768,0.216483935713768,-0.0037090913392603397
651,-0.34161287546157837,0.20539984107017517,0.20539984107017517,0.023062264546751976
652,-0.45630401372909546,0.22130510210990906,0.22130510210990906,-0.004564605187624693
653,-0.593462347984314,0.2809946537017822,0.2809946537017822,-0.010491020046174526
654,-0.5763814449310303,0.33439740538597107,0.33439740538597107,0.030804449692368507
655,-0.42362770438194275,0.23364309966564178,0.23364309966564178,0.01455283910036087
656,-0.4987174868583679,0.29467543959617615,0.29467543959617615,0.03021112270653248
657,-0.4005422294139862,0.26518043875694275,0.26518043875694275,0.04327288642525673
658,-0.44989266991615295,0.24166707694530487,0.24166707694530487,0.01114716287702322
659,-0.5306024551391602,0.26487842202186584,0.26487842202186584,-0.00028186809504404664
660,-0.51438307762146,0.301687628030777,0.301687628030777,0.029664065688848495
661,-0.47165027260780334,0.2028055340051651,0.2028055340051651,-0.022013066336512566
662,-0.4638252556324005,0.30836471915245056,0.30836471915245056,0.050968069583177567
663,-0.42806747555732727,0.24838939309120178,0.24838939309120178,0.022903770208358765
664,-0.39098766446113586,0.2384183406829834,0.2384183406829834,0.028616340830922127
665,-0.5053501725196838,0.31523406505584717,0.31523406505584717,0.04170599207282066
666,-0.35549262166023254,0.2526981234550476,0.2526981234550476,0.049967873841524124
667,-0.40809935331344604,0.27711376547813416,0.27711376547813416,0.04870939254760742
668,-0.5080854892730713,0.27564865350723267,0.27564865350723267,0.014403949491679668
669,-0.4281361401081085,0.2101191133260727,0.2101191133260727,-0.0026326465886086226
670,-0.5845738053321838,0.29188892245292664,0.29188892245292664,-0.0002653209667187184
671,-0.5492178201675415,0.32127928733825684,0.32127928733825684,0.03111358731985092
672,-0.593328595161438,0.30324938893318176,0.30324938893318176,0.004390065558254719
673,-0.4704253673553467,0.21978731453418732,0.21978731453418732,-0.010283580981194973
674,-0.32384994626045227,0.21478478610515594,0.21478478610515594,0.03523987531661987
675,-0.5748936533927917,0.3261379897594452,0.3261379897594452,0.02579411491751671
676,-0.5311963558197021,0.29760631918907166,0.29760631918907166,0.021338773891329765
677,-0.6159798502922058,0.3755458891391754,0.3755458891391754,0.045037299394607544
678,-0.4319332540035248,0.24660837650299072,0.24660837650299072,0.02042783424258232
679,-0.5154808163642883,0.3257278800010681,0.3257278800010681,0.04532499238848686
680,-0.35744336247444153,0.1773657649755478,0.1773657649755478,-0.0009039427386596799
681,-0.6098000407218933,0.3235417306423187,0.3235417306423187,0.01242780964821577
682,-0.5803501009941101,0.2645852267742157,0.2645852267742157,-0.017059875652194023
683,-0.6894319653511047,0.30523961782455444,0.30523961782455444,-0.02631758339703083
684,-0.469744473695755,0.2605774402618408,0.2605774402618408,0.017136814072728157
685,-0.5402086973190308,0.28244227170944214,0.28244227170944214,0.008225271478295326
686,-0.5121003985404968,0.25820305943489075,0.25820305943489075,0.0014352340949699283
687,-0.38511911034584045,0.25463229417800903,0.25463229417800903,0.04138181731104851
688,-0.4828028976917267,0.23807571828365326,0.23807571828365326,-0.0022171575110405684
689,-0.3412698209285736,0.1589183509349823,0.1589183509349823,-0.007811042480170727
690,-0.49948060512542725,0.30354002118110657,0.30354002118110657,0.03586648032069206
691,-0.5047458410263062,0.2439575344324112,0.2439575344324112,-0.005610256921499968
692,-0.5057138204574585,0.21853399276733398,0.21853399276733398,-0.022881943732500076
693,-0.45854878425598145,0.2913952171802521,0.2913952171802521,0.04141388088464737
694,-0.5879966020584106,0.2541346549987793,0.2541346549987793,-0.026575766503810883
695,-0.6791039109230042,0.35619378089904785,0.35619378089904785,0.01109454408288002
696,-0.38902023434638977,0.14949481189250946,0.14949481189250946,-0.030010195448994637
697,-0.45654362440109253,0.1514696180820465,0.1514696180820465,-0.051201459020376205
698,-0.5332576036453247,0.255310982465744,0.255310982465744,-0.007545215077698231
699,-0.417553186416626,0.24139322340488434,0.24139322340488434,0.021744415163993835
700,-0.6943015456199646,0.36495503783226013,0.36495503783226013,0.011869505047798157
701,-0.3245486915111542,0.22548846900463104,0.22548846900463104,0.04214274510741234
702,-0.38387182354927063,0.1594182401895523,0.1594182401895523,-0.021678447723388672
703,-0.3741197884082794,0.1972057968378067,0.1972057968378067,0.006763936020433903
704,-0.45697128772735596,0.2835201323032379,0.2835201323032379,0.03668965399265289
705,-0.4802810847759247,0.29231366515159607,0.29231366515159607,0.03478208929300308
706,-0.521327555179596,0.3164776861667633,0.3164776861667633,0.03720928356051445
707,-0.43704667687416077,0.27875563502311707,0.27875563502311707,0.04015485197305679
708,-0.6560933589935303,0.3589405119419098,0.3589405119419098,0.020595885813236237
709,-0.5175594091415405,0.318593293428421,0.318593293428421,0.039875734597444534
710,-0.7092449069023132,0.33142173290252686,0.33142173290252686,-0.015467151068150997
711,-0.5764645338058472,0.23585444688796997,0.23585444688796997,-0.03491855412721634
712,-0.6217590570449829,0.2163974791765213,0.2163974791765213,-0.0629880428314209
713,-0.4487525224685669,0.2765943706035614,0.2765943706035614,0.034812066704034805
714,-0.4448625147342682,0.2644086480140686,0.2644086480140686,0.027984922751784325
715,-0.5016204714775085,0.2687270939350128,0.2687270939350128,0.011944572441279888
716,-0.45454269647598267,0.2756112217903137,0.2756112217903137,0.032226573675870895
717,-0.5560384392738342,0.3074195981025696,0.3074195981025696,0.01960025168955326
718,-0.47334954142570496,0.2532144784927368,0.2532144784927368,0.01102647464722395
719,-0.5727588534355164,0.3286844491958618,0.3286844491958618,0.02820334956049919
720,-0.4579058587551117,0.2503500282764435,0.2503500282764435,0.014264741912484169
721,-0.3737114369869232,0.24928885698318481,0.24928885698318481,0.041622094810009
722,-0.48445698618888855,0.23121091723442078,0.23121091723442078,-0.007345049176365137
723,-0.521084725856781,0.31245872378349304,0.31245872378349304,0.034610915929079056
724,-0.5013796091079712,0.25356030464172363,0.25356030464172363,0.0019136681221425533
725,-0.45264557003974915,0.26531103253364563,0.26531103253364563,0.025992173701524734
726,-0.6209834218025208,0.28034138679504395,0.28034138679504395,-0.020100228488445282
727,-0.5128449201583862,0.26315873861312866,0.26315873861312866,0.004490845371037722
728,-0.5401343107223511,0.29025936126708984,0.29025936126708984,0.013461464084684849
729,-0.5199661254882812,0.27854180335998535,0.27854180335998535,0.012372508645057678
730,-0.5998121500015259,0.317113995552063,0.317113995552063,0.0114719457924366
731,-0.4822261929512024,0.2962121367454529,0.2962121367454529,0.03673268482089043
732,-0.44053730368614197,0.1742425411939621,0.1742425411939621,-0.03068407066166401
733,-0.5277714729309082,0.25466790795326233,0.25466790795326233,-0.006145221646875143
734,-0.39290621876716614,0.2108210027217865,0.2108210027217865,0.009578601457178593
735,-0.6526350975036621,0.2818588316440582,0.2818588316440582,-0.029639143496751785
736,-0.4386913776397705,0.24790924787521362,0.24790924787521362,0.019042368978261948
737,-0.38833382725715637,0.1785985380411148,0.1785985380411148,-0.01037890836596489
738,-0.5790495276451111,0.29211151599884033,0.29211151599884033,0.0017245035851374269
739,-0.4663296043872833,0.22842667996883392,0.22842667996883392,-0.003158747684210539
740,-0.6933382153511047,0.36446112394332886,0.36446112394332886,0.01186133362352848
741,-0.6779053807258606,0.3108161985874176,0.3108161985874176,-0.018757669255137444
742,-0.48170706629753113,0.3447463810443878,0.3447463810443878,0.06926189363002777
743,-0.6164364814758301,0.31898120045661926,0.31898120045661926,0.007175298873335123
744,-0.39879530668258667,0.18726511299610138,0.18726511299610138,-0.008088360540568829
745,-0.4884158968925476,0.2648169696331024,0.2648169696331024,0.013739345595240593
746,-0.49806368350982666,0.2964119017124176,0.2964119017124176,0.03158670291304588
747,-0.4082332253456116,0.19859595596790314,0.19859595596790314,-0.003680436871945858
748,-0.47835391759872437,0.2919218838214874,0.2919218838214874,0.035163283348083496
749,-0.5958663821220398,0.3401337265968323,0.3401337265968323,0.028133684769272804
