,agent0/mean_episode_rewards,agent1/mean_episode_rewards,agent2/mean_episode_rewards,agent3/mean_episode_rewards,agent_mean/mean_episode_rewards
0,0.20000000298023224,0.20000000298023224,0.20000000298023224,-0.7454693913459778,-0.03636734187602997
1,0.2199999988079071,0.2199999988079071,0.2199999988079071,-0.8354787826538086,-0.04386968910694122
2,0.03999999910593033,0.03999999910593033,0.03999999910593033,-0.4648503065109253,-0.08621257543563843
3,0.3199999928474426,0.3199999928474426,0.3199999928474426,-1.0629627704620361,-0.025740696117281914
4,0.25999999046325684,0.25999999046325684,0.25999999046325684,-0.6558566689491272,0.031035838648676872
5,0.11999999731779099,0.11999999731779099,0.11999999731779099,-1.3300992250442505,-0.24252481758594513
6,0.10000000149011612,0.10000000149011612,0.10000000149011612,-1.2139339447021484,-0.22848349809646606
7,0.10000000149011612,0.10000000149011612,0.10000000149011612,-0.6452215909957886,-0.0863053947687149
8,0.11999999731779099,0.11999999731779099,0.11999999731779099,-0.3916609287261963,-0.007915233261883259
9,0.05999999865889549,0.05999999865889549,0.05999999865889549,-0.17129942774772644,0.002175142290070653
10,0.07999999821186066,0.07999999821186066,0.07999999821186066,-0.23161590099334717,0.002096023876219988
11,0.2800000011920929,0.2800000011920929,0.2800000011920929,-0.3187403976917267,0.130314901471138
12,0.14000000059604645,0.14000000059604645,0.14000000059604645,-0.440765380859375,-0.005191345699131489
13,0.30000001192092896,0.30000001192092896,0.30000001192092896,-0.47387635707855225,0.10653091222047806
14,0.3400000035762787,0.3400000035762787,0.3400000035762787,-0.5378512144088745,0.12053719907999039
15,0.10000000149011612,0.10000000149011612,0.10000000149011612,-0.1704546958208084,0.03238632529973984
16,0.18000000715255737,0.18000000715255737,0.18000000715255737,-0.4856329560279846,0.013591762632131577
17,0.019999999552965164,0.019999999552965164,0.019999999552965164,-0.12766867876052856,-0.016917170956730843
18,0.10000000149011612,0.10000000149011612,0.10000000149011612,-0.6346023678779602,-0.08365058898925781
19,0.2800000011920929,0.2800000011920929,0.2800000011920929,-0.7964391112327576,0.010890226811170578
20,0.1599999964237213,0.1599999964237213,0.1599999964237213,-0.4295658469200134,0.012608540244400501
21,0.14000000059604645,0.14000000059604645,0.14000000059604645,-0.3486464321613312,0.01783839426934719
22,0.3799999952316284,0.3799999952316284,0.3799999952316284,-0.5211540460586548,0.15471148490905762
23,0.3199999928474426,0.3199999928474426,0.3199999928474426,-0.5097743272781372,0.11255641281604767
24,0.47999998927116394,0.47999998927116394,0.47999998927116394,-0.6416817903518677,0.19957955181598663
25,0.1599999964237213,0.1599999964237213,0.1599999964237213,-0.43095022439956665,0.012262443080544472
26,0.11999999731779099,0.11999999731779099,0.11999999731779099,-0.3970237672328949,-0.00925594475120306
27,0.10000000149011612,0.10000000149011612,0.10000000149011612,-0.28247568011283875,0.00438107643276453
28,0.3799999952316284,0.3799999952316284,0.3799999952316284,-0.6983906626701355,0.11040233820676804
29,0.2800000011920929,0.2800000011920929,0.2800000011920929,-0.4428367018699646,0.09929082542657852
30,0.20000000298023224,0.20000000298023224,0.20000000298023224,-0.3114685118198395,0.07213287055492401
31,0.30000001192092896,0.30000001192092896,0.30000001192092896,-0.5029231309890747,0.09926921874284744
32,0.3799999952316284,0.3799999952316284,0.3799999952316284,-0.45199692249298096,0.17200076580047607
33,0.3400000035762787,0.3400000035762787,0.3400000035762787,-0.37845057249069214,0.16038735210895538
34,0.2199999988079071,0.2199999988079071,0.2199999988079071,-0.2932060956954956,0.09169847518205643
35,0.2800000011920929,0.2800000011920929,0.2800000011920929,-0.32553261518478394,0.1286168396472931
36,0.05999999865889549,0.05999999865889549,0.05999999865889549,-0.14982864260673523,0.007542837411165237
37,0.2800000011920929,0.2800000011920929,0.2800000011920929,-0.37086978554725647,0.11728254705667496
38,0.18000000715255737,0.18000000715255737,0.18000000715255737,-0.3300192952156067,0.05249517783522606
39,0.46000000834465027,0.46000000834465027,0.46000000834465027,-0.46415939927101135,0.22896014153957367
40,0.18000000715255737,0.18000000715255737,0.18000000715255737,-0.21110869944095612,0.0822228267788887
41,0.23999999463558197,0.23999999463558197,0.23999999463558197,-0.3519434332847595,0.0920141413807869
42,0.10000000149011612,0.10000000149011612,0.10000000149011612,-0.1493014544248581,0.03767463564872742
43,0.36000001430511475,0.36000001430511475,0.36000001430511475,-0.42682382464408875,0.16329404711723328
44,0.23999999463558197,0.23999999463558197,0.23999999463558197,-0.3006606101989746,0.10483484715223312
45,0.18000000715255737,0.18000000715255737,0.18000000715255737,-0.21729417145252228,0.08067645877599716
46,0.2199999988079071,0.2199999988079071,0.2199999988079071,-0.23767276108264923,0.10558181256055832
47,0.14000000059604645,0.14000000059604645,0.14000000059604645,-0.15081866085529327,0.06729533523321152
48,0.11999999731779099,0.11999999731779099,0.11999999731779099,-0.1432713121175766,0.05418217182159424
49,0.3400000035762787,0.3400000035762787,0.3400000035762787,-0.34278276562690735,0.16930431127548218
50,0.20000000298023224,0.20000000298023224,0.20000000298023224,-0.2559627294540405,0.08600931614637375
51,0.2199999988079071,0.2199999988079071,0.2199999988079071,-0.22182098031044006,0.10954475402832031
52,0.4000000059604645,0.4000000059604645,0.4000000059604645,-0.43952441215515137,0.19011889398097992
53,0.47999998927116394,0.47999998927116394,0.47999998927116394,-0.4951116144657135,0.23622210323810577
54,0.30000001192092896,0.30000001192092896,0.30000001192092896,-0.31028687953948975,0.14742827415466309
55,0.11999999731779099,0.11999999731779099,0.11999999731779099,-0.13807794451713562,0.05548051372170448
56,0.5799999833106995,0.5799999833106995,0.5799999833106995,-0.7207176089286804,0.2548206150531769
57,0.2800000011920929,0.2800000011920929,0.2800000011920929,-0.3046456277370453,0.13383859395980835
58,0.14000000059604645,0.14000000059604645,0.14000000059604645,-0.14119307696819305,0.06970173120498657
59,0.6000000238418579,0.6000000238418579,0.6000000238418579,-0.6844037175178528,0.27889907360076904
60,0.1599999964237213,0.1599999964237213,0.1599999964237213,-0.21382014453411102,0.06654496490955353
61,0.14000000059604645,0.14000000059604645,0.14000000059604645,-0.16233904659748077,0.06441523879766464
62,0.30000001192092896,0.30000001192092896,0.30000001192092896,-0.3506203889846802,0.13734491169452667
63,0.3199999928474426,0.3199999928474426,0.3199999928474426,-0.34348610043525696,0.15412847697734833
64,0.2199999988079071,0.2199999988079071,0.2199999988079071,-0.256529837846756,0.10086753964424133
65,0.18000000715255737,0.18000000715255737,0.18000000715255737,-0.1950090527534485,0.08624773472547531
66,0.2199999988079071,0.2199999988079071,0.2199999988079071,-0.246775284409523,0.10330618172883987
67,0.25999999046325684,0.25999999046325684,0.25999999046325684,-0.2794375419616699,0.12514062225818634
68,0.25999999046325684,0.25999999046325684,0.25999999046325684,-0.3183712065219879,0.11540719866752625
69,0.36000001430511475,0.36000001430511475,0.36000001430511475,-0.3634423315525055,0.1791394203901291
70,0.14000000059604645,0.14000000059604645,0.14000000059604645,-0.21892601251602173,0.050268497318029404
71,0.2800000011920929,0.2800000011920929,0.2800000011920929,-0.3443900942802429,0.12390247732400894
72,0.25999999046325684,0.25999999046325684,0.25999999046325684,-0.3344022035598755,0.11139944940805435
73,0.10000000149011612,0.10000000149011612,0.10000000149011612,-0.11117378622293472,0.04720655456185341
74,0.3400000035762787,0.3400000035762787,0.3400000035762787,-0.392291396856308,0.15692715346813202
75,0.1599999964237213,0.1599999964237213,0.1599999964237213,-0.16808390617370605,0.07797902077436447
76,0.3400000035762787,0.3400000035762787,0.3400000035762787,-0.37087973952293396,0.16228006780147552
77,0.30000001192092896,0.30000001192092896,0.30000001192092896,-0.3073878288269043,0.14815303683280945
78,0.5,0.5,0.5,-0.5556365847587585,0.23609085381031036
79,0.07999999821186066,0.07999999821186066,0.07999999821186066,-0.122179314494133,0.029455171898007393
80,0.46000000834465027,0.46000000834465027,0.46000000834465027,-0.4793873131275177,0.22515317797660828
81,0.3199999928474426,0.3199999928474426,0.3199999928474426,-0.32874035835266113,0.1578149050474167
82,0.20000000298023224,0.20000000298023224,0.20000000298023224,-0.23074081540107727,0.09231479465961456
83,0.18000000715255737,0.18000000715255737,0.18000000715255737,-0.2026594579219818,0.08433513343334198
84,0.5199999809265137,0.5199999809265137,0.5199999809265137,-0.5685283541679382,0.2478679120540619
85,0.23999999463558197,0.23999999463558197,0.23999999463558197,-0.25407734513282776,0.11648066341876984
86,0.2800000011920929,0.2800000011920929,0.2800000011920929,-0.2853855490684509,0.13865360617637634
87,0.14000000059604645,0.14000000059604645,0.14000000059604645,-0.18545950949192047,0.05863512307405472
88,0.5799999833106995,0.5799999833106995,0.5799999833106995,-0.5951536893844604,0.2862115800380707
89,0.25999999046325684,0.25999999046325684,0.25999999046325684,-0.26787620782852173,0.1280309557914734
90,0.4000000059604645,0.4000000059604645,0.4000000059604645,-0.42258232831954956,0.19435441493988037
91,0.6000000238418579,0.6000000238418579,0.6000000238418579,-0.6594118475914001,0.2851470410823822
92,0.25999999046325684,0.25999999046325684,0.25999999046325684,-0.2772296071052551,0.12569259107112885
93,0.2800000011920929,0.2800000011920929,0.2800000011920929,-0.3002077639102936,0.13494805991649628
94,0.46000000834465027,0.46000000834465027,0.46000000834465027,-0.47802263498306274,0.22549434006214142
95,0.36000001430511475,0.36000001430511475,0.36000001430511475,-0.3761477470397949,0.17596305906772614
96,0.6600000262260437,0.6600000262260437,0.6600000262260437,-0.6696287393569946,0.3275928199291229
97,0.2800000011920929,0.2800000011920929,0.2800000011920929,-0.33541545271873474,0.126146137714386
98,0.25999999046325684,0.25999999046325684,0.25999999046325684,-0.3077733516693115,0.11805666238069534
99,0.5199999809265137,0.5199999809265137,0.5199999809265137,-0.5455818176269531,0.253604531288147
100,0.47999998927116394,0.47999998927116394,0.47999998927116394,-0.4804799556732178,0.2398800104856491
101,0.36000001430511475,0.36000001430511475,0.36000001430511475,-0.39152950048446655,0.17211762070655823
102,0.3400000035762787,0.3400000035762787,0.3400000035762787,-0.3562776744365692,0.1659305840730667
103,0.25999999046325684,0.25999999046325684,0.25999999046325684,-0.26855161786079407,0.1278620958328247
104,0.5199999809265137,0.5199999809265137,0.5199999809265137,-0.548524796962738,0.25286880135536194
105,0.2800000011920929,0.2800000011920929,0.2800000011920929,-0.30505046248435974,0.13373738527297974
106,0.2199999988079071,0.2199999988079071,0.2199999988079071,-0.2638894319534302,0.09902764111757278
107,0.699999988079071,0.699999988079071,0.699999988079071,-0.7145650386810303,0.3463587462902069
108,0.1599999964237213,0.1599999964237213,0.1599999964237213,-0.16503657400608063,0.07874085754156113
109,0.14000000059604645,0.14000000059604645,0.14000000059604645,-0.1563253104686737,0.06591867655515671
110,0.36000001430511475,0.36000001430511475,0.36000001430511475,-0.3932304084300995,0.1716924011707306
111,0.7400000095367432,0.7400000095367432,0.7400000095367432,-0.8045535087585449,0.35386162996292114
112,0.7599999904632568,0.7599999904632568,0.7599999904632568,-0.7631220817565918,0.3792194724082947
113,0.3199999928474426,0.3199999928474426,0.3199999928474426,-0.44443607330322266,0.1288909763097763
114,0.2199999988079071,0.2199999988079071,0.2199999988079071,-0.2322453260421753,0.1069386675953865
115,0.36000001430511475,0.36000001430511475,0.36000001430511475,-0.40746524930000305,0.1681336909532547
116,0.25999999046325684,0.25999999046325684,0.25999999046325684,-0.26296180486679077,0.12925955653190613
117,0.25999999046325684,0.25999999046325684,0.25999999046325684,-0.27130264043807983,0.12717434763908386
118,0.25999999046325684,0.25999999046325684,0.25999999046325684,-0.2881023585796356,0.12297441065311432
119,0.36000001430511475,0.36000001430511475,0.36000001430511475,-0.41545403003692627,0.1661364883184433
120,0.5799999833106995,0.5799999833106995,0.5799999833106995,-0.5810420513153076,0.2897394895553589
121,0.699999988079071,0.699999988079071,0.699999988079071,-0.7024208307266235,0.3493947982788086
122,0.46000000834465027,0.46000000834465027,0.46000000834465027,-0.46999433636665344,0.22750142216682434
123,0.5199999809265137,0.5199999809265137,0.5199999809265137,-0.54368656873703,0.25407835841178894
124,0.41999998688697815,0.41999998688697815,0.41999998688697815,-0.4213411211967468,0.2096647173166275
125,0.5600000023841858,0.5600000023841858,0.5600000023841858,-0.6164000034332275,0.26590001583099365
126,0.4000000059604645,0.4000000059604645,0.4000000059604645,-0.4014523923397064,0.19963690638542175
127,0.6200000047683716,0.6200000047683716,0.6200000047683716,-0.6318289041519165,0.30704277753829956
128,0.3400000035762787,0.3400000035762787,0.3400000035762787,-0.36079129576683044,0.1648021787405014
129,0.25999999046325684,0.25999999046325684,0.25999999046325684,-0.2645411789417267,0.12886470556259155
130,0.699999988079071,0.699999988079071,0.699999988079071,-0.719518780708313,0.34512031078338623
131,0.2199999988079071,0.2199999988079071,0.2199999988079071,-0.23287668824195862,0.10678082704544067
132,0.3400000035762787,0.3400000035762787,0.3400000035762787,-0.3700680136680603,0.16248300671577454
133,0.36000001430511475,0.36000001430511475,0.36000001430511475,-0.462683767080307,0.1543290615081787
134,0.2800000011920929,0.2800000011920929,0.2800000011920929,-0.32869449257850647,0.12782637774944305
135,0.23999999463558197,0.23999999463558197,0.23999999463558197,-0.4322424829006195,0.0719393789768219
136,0.2800000011920929,0.2800000011920929,0.2800000011920929,-0.3692159652709961,0.11769600957632065
137,0.2800000011920929,0.2800000011920929,0.2800000011920929,-0.650886058807373,0.04727848991751671
138,0.23999999463558197,0.23999999463558197,0.23999999463558197,-0.3068556487560272,0.10328608751296997
139,0.41999998688697815,0.41999998688697815,0.41999998688697815,-0.5162783861160278,0.18593040108680725
140,0.3799999952316284,0.3799999952316284,0.3799999952316284,-0.5893159508705139,0.13767100870609283
141,0.46000000834465027,0.46000000834465027,0.46000000834465027,-0.5830062627792358,0.19924843311309814
142,0.4000000059604645,0.4000000059604645,0.4000000059604645,-0.437154084444046,0.19071148335933685
143,0.5,0.5,0.5,-0.5271915793418884,0.2432021051645279
144,0.46000000834465027,0.46000000834465027,0.46000000834465027,-0.5348718762397766,0.21128204464912415
145,0.41999998688697815,0.41999998688697815,0.41999998688697815,-0.4831489324569702,0.19421276450157166
146,0.2800000011920929,0.2800000011920929,0.2800000011920929,-0.3276508152484894,0.12808729708194733
147,0.25999999046325684,0.25999999046325684,0.25999999046325684,-0.3018617630004883,0.11953455954790115
148,0.3799999952316284,0.3799999952316284,0.3799999952316284,-0.53898686170578,0.1502532809972763
149,0.23999999463558197,0.23999999463558197,0.23999999463558197,-0.3051888942718506,0.10370277613401413
150,0.3199999928474426,0.3199999928474426,0.3199999928474426,-0.4561833441257477,0.12595416605472565
151,0.5600000023841858,0.5600000023841858,0.5600000023841858,-0.5641443729400635,0.2789638936519623
152,0.3799999952316284,0.3799999952316284,0.3799999952316284,-0.413717120885849,0.18157072365283966
153,0.4000000059604645,0.4000000059604645,0.4000000059604645,-0.593375563621521,0.1516561210155487
154,0.6200000047683716,0.6200000047683716,0.6200000047683716,-0.6368353366851807,0.3057911694049835
155,0.36000001430511475,0.36000001430511475,0.36000001430511475,-0.5312399864196777,0.13718999922275543
156,0.6800000071525574,0.6800000071525574,0.6800000071525574,-0.7454534769058228,0.32363662123680115
157,0.25999999046325684,0.25999999046325684,0.25999999046325684,-0.45010513067245483,0.08247371762990952
158,0.41999998688697815,0.41999998688697815,0.41999998688697815,-0.5513302683830261,0.17716743052005768
159,0.2800000011920929,0.2800000011920929,0.2800000011920929,-0.32041314244270325,0.12989671528339386
160,0.41999998688697815,0.41999998688697815,0.41999998688697815,-0.4422438144683838,0.20443904399871826
161,0.5,0.5,0.5,-0.8237188458442688,0.1690702885389328
162,0.46000000834465027,0.46000000834465027,0.46000000834465027,-0.5648624300956726,0.20378439128398895
163,0.6600000262260437,0.6600000262260437,0.6600000262260437,-0.6795248985290527,0.3251187801361084
164,0.3400000035762787,0.3400000035762787,0.3400000035762787,-0.38633203506469727,0.1584169864654541
165,0.6600000262260437,0.6600000262260437,0.6600000262260437,-0.8030359148979187,0.2942410111427307
166,0.5799999833106995,0.5799999833106995,0.5799999833106995,-0.6364048719406128,0.2758987843990326
167,0.3400000035762787,0.3400000035762787,0.3400000035762787,-0.4245818853378296,0.14885452389717102
168,0.4399999976158142,0.4399999976158142,0.4399999976158142,-0.5200298428535461,0.19999253749847412
169,0.8199999928474426,0.8199999928474426,0.8199999928474426,-0.9031504988670349,0.38921236991882324
170,0.25999999046325684,0.25999999046325684,0.25999999046325684,-0.33473989367485046,0.11131502687931061
171,0.3400000035762787,0.3400000035762787,0.3400000035762787,-0.3690278232097626,0.16274304687976837
172,0.46000000834465027,0.46000000834465027,0.46000000834465027,-0.47893956303596497,0.22526511549949646
173,0.5,0.5,0.5,-0.6244057416915894,0.21889856457710266
174,0.2199999988079071,0.2199999988079071,0.2199999988079071,-0.31269869208335876,0.08682533353567123
175,0.41999998688697815,0.41999998688697815,0.41999998688697815,-0.48002737760543823,0.19499315321445465
176,0.23999999463558197,0.23999999463558197,0.23999999463558197,-0.270861953496933,0.11228451132774353
177,0.46000000834465027,0.46000000834465027,0.46000000834465027,-0.6704092025756836,0.1773976981639862
178,0.6800000071525574,0.6800000071525574,0.6800000071525574,-0.6866084337234497,0.3383478820323944
179,0.3199999928474426,0.3199999928474426,0.3199999928474426,-0.4687739908695221,0.12280649691820145
180,0.3799999952316284,0.3799999952316284,0.3799999952316284,-0.48088353872299194,0.16477911174297333
181,0.2199999988079071,0.2199999988079071,0.2199999988079071,-0.23426294326782227,0.10643426328897476
182,0.6399999856948853,0.6399999856948853,0.6399999856948853,-0.714881420135498,0.30127963423728943
183,0.7599999904632568,0.7599999904632568,0.7599999904632568,-0.7811498641967773,0.3747125267982483
184,0.6200000047683716,0.6200000047683716,0.6200000047683716,-0.6581900715827942,0.30045247077941895
185,0.5600000023841858,0.5600000023841858,0.5600000023841858,-0.6294640898704529,0.2626339793205261
186,0.3400000035762787,0.3400000035762787,0.3400000035762787,-0.42341911792755127,0.1491452157497406
187,0.3199999928474426,0.3199999928474426,0.3199999928474426,-0.4221513271331787,0.1344621628522873
188,0.5,0.5,0.5,-0.8186619281768799,0.17033451795578003
189,0.5,0.5,0.5,-0.5162588357925415,0.24593529105186462
190,0.25999999046325684,0.25999999046325684,0.25999999046325684,-0.7173716425895691,0.0156570952385664
191,0.5400000214576721,0.5400000214576721,0.5400000214576721,-0.6286932826042175,0.2478266805410385
192,0.25999999046325684,0.25999999046325684,0.25999999046325684,-0.3012067675590515,0.11969830840826035
193,0.5199999809265137,0.5199999809265137,0.5199999809265137,-0.7023726105690002,0.2144068479537964
194,0.5400000214576721,0.5400000214576721,0.5400000214576721,-0.6258060932159424,0.2485484778881073
195,0.47999998927116394,0.47999998927116394,0.47999998927116394,-0.7853797674179077,0.16365505754947662
196,0.30000001192092896,0.30000001192092896,0.30000001192092896,-0.37389999628067017,0.13152500987052917
197,0.4000000059604645,0.4000000059604645,0.4000000059604645,-0.5693991184234619,0.15765021741390228
198,0.4000000059604645,0.4000000059604645,0.4000000059604645,-0.5769935250282288,0.15575161576271057
199,0.4000000059604645,0.4000000059604645,0.4000000059604645,-0.672439455986023,0.13189013302326202
200,0.4399999976158142,0.4399999976158142,0.4399999976158142,-0.6814748048782349,0.15963129699230194
201,0.3199999928474426,0.3199999928474426,0.3199999928474426,-0.3995540738105774,0.14011149108409882
202,0.4399999976158142,0.4399999976158142,0.4399999976158142,-0.5808154344558716,0.18479613959789276
203,0.6000000238418579,0.6000000238418579,0.6000000238418579,-0.6864848732948303,0.27837878465652466
204,0.5400000214576721,0.5400000214576721,0.5400000214576721,-0.6197803616523743,0.25005489587783813
205,0.25999999046325684,0.25999999046325684,0.25999999046325684,-0.32648563385009766,0.11337859183549881
206,0.7400000095367432,0.7400000095367432,0.7400000095367432,-0.8294897079467773,0.34762758016586304
207,0.4399999976158142,0.4399999976158142,0.4399999976158142,-0.5289575457572937,0.19776061177253723
208,0.3199999928474426,0.3199999928474426,0.3199999928474426,-0.4714539349079132,0.12213651835918427
209,0.5799999833106995,0.5799999833106995,0.5799999833106995,-0.7065117955207825,0.258372038602829
210,0.23999999463558197,0.23999999463558197,0.23999999463558197,-0.38859376311302185,0.08285155892372131
211,0.5600000023841858,0.5600000023841858,0.5600000023841858,-0.6353155374526978,0.2611711025238037
212,0.46000000834465027,0.46000000834465027,0.46000000834465027,-0.6716004014015198,0.17709989845752716
213,0.4000000059604645,0.4000000059604645,0.4000000059604645,-0.5686491131782532,0.15783771872520447
214,0.8399999737739563,0.8399999737739563,0.8399999737739563,-0.8617696166038513,0.4145575761795044
215,0.47999998927116394,0.47999998927116394,0.47999998927116394,-0.6412484645843506,0.1996878832578659
216,0.6000000238418579,0.6000000238418579,0.6000000238418579,-0.6777398586273193,0.2805650532245636
217,0.5,0.5,0.5,-0.7510947585105896,0.1872263103723526
218,0.36000001430511475,0.36000001430511475,0.36000001430511475,-0.4977042078971863,0.1455739438533783
219,0.5199999809265137,0.5199999809265137,0.5199999809265137,-0.7119724154472351,0.21200689673423767
220,0.3799999952316284,0.3799999952316284,0.3799999952316284,-0.49613913893699646,0.1609652191400528
221,0.8799999952316284,0.8799999952316284,0.8799999952316284,-1.12343430519104,0.3791414201259613
222,0.5,0.5,0.5,-0.6126730442047119,0.22183173894882202
223,0.6800000071525574,0.6800000071525574,0.6800000071525574,-0.7451934814453125,0.3237016201019287
224,0.5,0.5,0.5,-0.626847505569458,0.2182881236076355
225,0.6800000071525574,0.6800000071525574,0.6800000071525574,-0.7396793961524963,0.32508015632629395
226,0.41999998688697815,0.41999998688697815,0.41999998688697815,-0.6514354348182678,0.15214113891124725
227,0.1599999964237213,0.1599999964237213,0.1599999964237213,-0.2418195605278015,0.059545110911130905
228,0.41999998688697815,0.41999998688697815,0.41999998688697815,-0.49565935134887695,0.19108515977859497
229,0.6200000047683716,0.6200000047683716,0.6200000047683716,-0.6600520610809326,0.29998698830604553
230,0.36000001430511475,0.36000001430511475,0.36000001430511475,-0.5066723227500916,0.14333193004131317
231,0.3799999952316284,0.3799999952316284,0.3799999952316284,-0.40215742588043213,0.18446063995361328
232,0.6000000238418579,0.6000000238418579,0.6000000238418579,-0.6332730054855347,0.2916817367076874
233,0.23999999463558197,0.23999999463558197,0.23999999463558197,-0.39532536268234253,0.08116865903139114
234,0.46000000834465027,0.46000000834465027,0.46000000834465027,-0.5117853283882141,0.21705366671085358
235,0.4000000059604645,0.4000000059604645,0.4000000059604645,-0.4445754885673523,0.1888561248779297
236,0.36000001430511475,0.36000001430511475,0.36000001430511475,-0.6276895999908447,0.11307759582996368
237,0.5199999809265137,0.5199999809265137,0.5199999809265137,-0.6331968903541565,0.23170077800750732
238,0.30000001192092896,0.30000001192092896,0.30000001192092896,-0.45816147327423096,0.11045963317155838
239,0.6000000238418579,0.6000000238418579,0.6000000238418579,-0.7113606333732605,0.2721598446369171
240,0.46000000834465027,0.46000000834465027,0.46000000834465027,-0.6436259150505066,0.18409352004528046
241,0.3199999928474426,0.3199999928474426,0.3199999928474426,-0.5425000786781311,0.10437498986721039
242,0.5,0.5,0.5,-0.7273526787757874,0.19316183030605316
243,0.2199999988079071,0.2199999988079071,0.2199999988079071,-0.35191163420677185,0.07702209055423737
244,0.47999998927116394,0.47999998927116394,0.47999998927116394,-0.5905759930610657,0.21235600113868713
245,0.6200000047683716,0.6200000047683716,0.6200000047683716,-0.8848990797996521,0.24377523362636566
246,0.4399999976158142,0.4399999976158142,0.4399999976158142,-0.5995871424674988,0.18010321259498596
247,0.3199999928474426,0.3199999928474426,0.3199999928474426,-0.5701195597648621,0.09747011214494705
248,0.46000000834465027,0.46000000834465027,0.46000000834465027,-0.49730655550956726,0.2206733673810959
249,0.8999999761581421,0.8999999761581421,0.8999999761581421,-1.1449229717254639,0.388769268989563
250,0.2800000011920929,0.2800000011920929,0.2800000011920929,-0.45035210251808167,0.09741196781396866
251,0.6200000047683716,0.6200000047683716,0.6200000047683716,-0.7050453424453735,0.2887386679649353
252,0.3400000035762787,0.3400000035762787,0.3400000035762787,-0.40394577383995056,0.15401355922222137
253,0.5799999833106995,0.5799999833106995,0.5799999833106995,-0.7053516507148743,0.25866207480430603
254,0.23999999463558197,0.23999999463558197,0.23999999463558197,-0.5069103240966797,0.05327242612838745
255,0.5799999833106995,0.5799999833106995,0.5799999833106995,-0.7930885553359985,0.23672786355018616
256,0.3400000035762787,0.3400000035762787,0.3400000035762787,-0.5162544846534729,0.1259363740682602
257,0.5,0.5,0.5,-0.7359330654144287,0.19101673364639282
258,0.41999998688697815,0.41999998688697815,0.41999998688697815,-0.5568289160728455,0.17579276859760284
259,0.5,0.5,0.5,-0.6950587630271912,0.2012353092432022
260,0.30000001192092896,0.30000001192092896,0.30000001192092896,-0.5147298574447632,0.09631753712892532
261,0.7200000286102295,0.7200000286102295,0.7200000286102295,-0.8293880820274353,0.3326529860496521
262,0.3799999952316284,0.3799999952316284,0.3799999952316284,-0.47473281621932983,0.16631679236888885
263,0.9399999976158142,0.9399999976158142,0.9399999976158142,-1.0902312994003296,0.43244218826293945
264,0.1599999964237213,0.1599999964237213,0.1599999964237213,-0.3839917778968811,0.02400205470621586
265,0.5,0.5,0.5,-0.6340190768241882,0.21649523079395294
266,0.3799999952316284,0.3799999952316284,0.3799999952316284,-0.7087456583976746,0.10781358182430267
267,0.41999998688697815,0.41999998688697815,0.41999998688697815,-0.6439533233642578,0.15401166677474976
268,0.8399999737739563,0.8399999737739563,0.8399999737739563,-0.9413856863975525,0.3946535885334015
269,0.41999998688697815,0.41999998688697815,0.41999998688697815,-0.894645631313324,0.09133859723806381
270,0.41999998688697815,0.41999998688697815,0.41999998688697815,-0.8147690296173096,0.11130774766206741
271,0.36000001430511475,0.36000001430511475,0.36000001430511475,-0.5976552367210388,0.12058618664741516
272,0.3799999952316284,0.3799999952316284,0.3799999952316284,-0.5845985412597656,0.1388503611087799
273,1.0199999809265137,1.0199999809265137,1.0199999809265137,-1.1823934316635132,0.46940165758132935
274,0.47999998927116394,0.47999998927116394,0.47999998927116394,-0.5524622797966003,0.22188442945480347
275,0.5400000214576721,0.5400000214576721,0.5400000214576721,-0.8875605463981628,0.18310986459255219
276,0.47999998927116394,0.47999998927116394,0.47999998927116394,-0.717302680015564,0.18067432940006256
277,0.25999999046325684,0.25999999046325684,0.25999999046325684,-0.6166962385177612,0.04082593694329262
278,0.5799999833106995,0.5799999833106995,0.5799999833106995,-0.8625458478927612,0.21936354041099548
279,0.5600000023841858,0.5600000023841858,0.5600000023841858,-0.7072609663009644,0.24318476021289825
280,0.46000000834465027,0.46000000834465027,0.46000000834465027,-0.5823057293891907,0.19942356646060944
281,0.3199999928474426,0.3199999928474426,0.3199999928474426,-0.5680228471755981,0.09799428284168243
282,0.23999999463558197,0.23999999463558197,0.23999999463558197,-0.6153084635734558,0.026172878220677376
283,0.47999998927116394,0.47999998927116394,0.47999998927116394,-0.7247350215911865,0.17881624400615692
284,0.47999998927116394,0.47999998927116394,0.47999998927116394,-0.6828781366348267,0.1892804652452469
285,0.5,0.5,0.5,-0.9935920834541321,0.12660197913646698
286,0.6399999856948853,0.6399999856948853,0.6399999856948853,-0.794075071811676,0.28148123621940613
287,0.41999998688697815,0.41999998688697815,0.41999998688697815,-0.7534485459327698,0.12663786113262177
288,0.41999998688697815,0.41999998688697815,0.41999998688697815,-0.689887523651123,0.14252811670303345
289,0.5400000214576721,0.5400000214576721,0.5400000214576721,-0.8696413636207581,0.18758966028690338
290,0.47999998927116394,0.47999998927116394,0.47999998927116394,-0.6168591380119324,0.20578521490097046
291,0.3199999928474426,0.3199999928474426,0.3199999928474426,-0.7488687038421631,0.0527828224003315
292,0.41999998688697815,0.41999998688697815,0.41999998688697815,-0.5693789720535278,0.17265525460243225
293,0.3199999928474426,0.3199999928474426,0.3199999928474426,-0.7359243035316467,0.05601891875267029
294,0.46000000834465027,0.46000000834465027,0.46000000834465027,-0.7181298732757568,0.1654675304889679
295,0.3799999952316284,0.3799999952316284,0.3799999952316284,-0.6187142729759216,0.1303214430809021
296,0.30000001192092896,0.30000001192092896,0.30000001192092896,-0.7288274168968201,0.0427931509912014
297,0.5,0.5,0.5,-0.8914523124694824,0.1521369218826294
298,0.10000000149011612,0.10000000149011612,0.10000000149011612,-0.47351500391960144,-0.04337875172495842
299,0.6600000262260437,0.6600000262260437,0.6600000262260437,-0.894023060798645,0.2714942395687103
300,0.7599999904632568,0.7599999904632568,0.7599999904632568,-1.0337176322937012,0.31157058477401733
301,0.5600000023841858,0.5600000023841858,0.5600000023841858,-0.8967475891113281,0.1958131045103073
302,0.5600000023841858,0.5600000023841858,0.5600000023841858,-0.7357689142227173,0.23605777323246002
303,0.3199999928474426,0.3199999928474426,0.3199999928474426,-0.8415021300315857,0.029624465852975845
304,0.46000000834465027,0.46000000834465027,0.46000000834465027,-0.6767687201499939,0.17580781877040863
305,0.46000000834465027,0.46000000834465027,0.46000000834465027,-0.6382874846458435,0.18542812764644623
306,0.3400000035762787,0.3400000035762787,0.3400000035762787,-0.7391850352287292,0.0702037364244461
307,0.6200000047683716,0.6200000047683716,0.6200000047683716,-0.7708745002746582,0.27228137850761414
308,0.4399999976158142,0.4399999976158142,0.4399999976158142,-1.086439609527588,0.05839008465409279
309,0.25999999046325684,0.25999999046325684,0.25999999046325684,-0.5174665451049805,0.0656333714723587
310,0.7200000286102295,0.7200000286102295,0.7200000286102295,-1.170776128768921,0.2473059594631195
311,0.699999988079071,0.699999988079071,0.699999988079071,-1.1779757738113403,0.2305060625076294
312,0.47999998927116394,0.47999998927116394,0.47999998927116394,-0.970614492893219,0.1173463761806488
313,0.6000000238418579,0.6000000238418579,0.6000000238418579,-0.8925383687019348,0.22686541080474854
314,0.5199999809265137,0.5199999809265137,0.5199999809265137,-0.6423171758651733,0.2294207066297531
315,0.5,0.5,0.5,-0.8037177920341492,0.1740705519914627
316,0.5199999809265137,0.5199999809265137,0.5199999809265137,-0.817979633808136,0.18550509214401245
317,0.5799999833106995,0.5799999833106995,0.5799999833106995,-0.8356261253356934,0.22609347105026245
318,0.4399999976158142,0.4399999976158142,0.4399999976158142,-0.6036370992660522,0.1790907233953476
319,0.2199999988079071,0.2199999988079071,0.2199999988079071,-0.6831551790237427,-0.005788788665086031
320,0.5799999833106995,0.5799999833106995,0.5799999833106995,-0.9318601489067078,0.20203496515750885
321,0.699999988079071,0.699999988079071,0.699999988079071,-1.1808741092681885,0.22978146374225616
322,0.36000001430511475,0.36000001430511475,0.36000001430511475,-0.6793316602706909,0.10016708821058273
323,0.41999998688697815,0.41999998688697815,0.41999998688697815,-0.8325463533401489,0.10686340183019638
324,0.5400000214576721,0.5400000214576721,0.5400000214576721,-0.7877659797668457,0.20805850625038147
325,0.2199999988079071,0.2199999988079071,0.2199999988079071,-0.5588964819908142,0.025275882333517075
326,0.6200000047683716,0.6200000047683716,0.6200000047683716,-0.960374653339386,0.2249063402414322
327,0.3400000035762787,0.3400000035762787,0.3400000035762787,-0.6219573616981506,0.09951066225767136
328,0.6399999856948853,0.6399999856948853,0.6399999856948853,-1.1575188636779785,0.1906202733516693
329,0.4000000059604645,0.4000000059604645,0.4000000059604645,-0.5992552042007446,0.1501861959695816
330,0.5799999833106995,0.5799999833106995,0.5799999833106995,-1.0088310241699219,0.18279224634170532
331,0.5600000023841858,0.5600000023841858,0.5600000023841858,-0.9463168382644653,0.183420792222023
332,0.7200000286102295,0.7200000286102295,0.7200000286102295,-1.0229527950286865,0.2842617928981781
333,0.3199999928474426,0.3199999928474426,0.3199999928474426,-0.8522207736968994,0.026944812387228012
334,0.25999999046325684,0.25999999046325684,0.25999999046325684,-0.7382562756538391,0.010435929521918297
335,0.5600000023841858,0.5600000023841858,0.5600000023841858,-0.9596148729324341,0.18009628355503082
336,0.18000000715255737,0.18000000715255737,0.18000000715255737,-0.6080474257469177,-0.01701185293495655
337,0.5,0.5,0.5,-0.7915054559707642,0.17712363600730896
338,0.6399999856948853,0.6399999856948853,0.6399999856948853,-0.9015460014343262,0.2546134889125824
339,0.5,0.5,0.5,-0.7163472771644592,0.1959131807088852
340,0.5199999809265137,0.5199999809265137,0.5199999809265137,-0.6905381679534912,0.21736545860767365
341,0.41999998688697815,0.41999998688697815,0.41999998688697815,-0.7334699034690857,0.13163252174854279
342,0.6000000238418579,0.6000000238418579,0.6000000238418579,-0.8957681655883789,0.2260579615831375
343,0.4399999976158142,0.4399999976158142,0.4399999976158142,-0.771675705909729,0.1370810717344284
344,0.3799999952316284,0.3799999952316284,0.3799999952316284,-0.7782152891159058,0.09044618159532547
345,0.800000011920929,0.800000011920929,0.800000011920929,-0.9334530234336853,0.3666367530822754
346,0.3400000035762787,0.3400000035762787,0.3400000035762787,-0.5936664938926697,0.106583371758461
347,0.6399999856948853,0.6399999856948853,0.6399999856948853,-0.9098007082939148,0.25254982709884644
348,0.6800000071525574,0.6800000071525574,0.6800000071525574,-1.111404538154602,0.23214885592460632
349,0.5600000023841858,0.5600000023841858,0.5600000023841858,-1.0991487503051758,0.1452127993106842
350,0.800000011920929,0.800000011920929,0.800000011920929,-1.017849326133728,0.3455376625061035
351,0.5199999809265137,0.5199999809265137,0.5199999809265137,-1.0924348831176758,0.11689126491546631
352,0.47999998927116394,0.47999998927116394,0.47999998927116394,-0.8967139720916748,0.13582150638103485
353,0.3799999952316284,0.3799999952316284,0.3799999952316284,-0.7461833357810974,0.09845416992902756
354,0.8999999761581421,0.8999999761581421,0.8999999761581421,-1.103332281112671,0.39916691184043884
355,0.800000011920929,0.800000011920929,0.800000011920929,-1.2158203125,0.2960449457168579
356,0.4000000059604645,0.4000000059604645,0.4000000059604645,-0.571012556552887,0.15724685788154602
357,0.5600000023841858,0.5600000023841858,0.5600000023841858,-0.9468086957931519,0.18329782783985138
358,0.4399999976158142,0.4399999976158142,0.4399999976158142,-0.7548684477806091,0.14128288626670837
359,0.5400000214576721,0.5400000214576721,0.5400000214576721,-1.0362900495529175,0.14592748880386353
360,0.6600000262260437,0.6600000262260437,0.6600000262260437,-0.8167391419410706,0.29081520438194275
361,0.7599999904632568,0.7599999904632568,0.7599999904632568,-1.068564772605896,0.302858829498291
362,0.7799999713897705,0.7799999713897705,0.7799999713897705,-0.9324145913124084,0.35189634561538696
363,0.46000000834465027,0.46000000834465027,0.46000000834465027,-0.8025015592575073,0.14437460899353027
364,0.2199999988079071,0.2199999988079071,0.2199999988079071,-0.6748507618904114,-0.003712692065164447
365,0.6399999856948853,0.6399999856948853,0.6399999856948853,-0.9466066360473633,0.24334834516048431
366,0.5199999809265137,0.5199999809265137,0.5199999809265137,-0.7604562640190125,0.19988593459129333
367,0.6800000071525574,0.6800000071525574,0.6800000071525574,-0.7767035961151123,0.31582412123680115
368,0.3799999952316284,0.3799999952316284,0.3799999952316284,-0.6328646540641785,0.1267838478088379
369,0.46000000834465027,0.46000000834465027,0.46000000834465027,-1.0047798156738281,0.09380505234003067
370,0.4000000059604645,0.4000000059604645,0.4000000059604645,-0.6643238663673401,0.13391903042793274
371,0.30000001192092896,0.30000001192092896,0.30000001192092896,-0.6082303524017334,0.07294240593910217
372,0.6600000262260437,0.6600000262260437,0.6600000262260437,-0.9067926406860352,0.2683018445968628
373,0.5600000023841858,0.5600000023841858,0.5600000023841858,-0.9856010675430298,0.1735997349023819
374,0.46000000834465027,0.46000000834465027,0.46000000834465027,-1.026211142539978,0.0884472131729126
375,0.25999999046325684,0.25999999046325684,0.25999999046325684,-0.4833648204803467,0.07415879517793655
376,0.5600000023841858,0.5600000023841858,0.5600000023841858,-0.9018257856369019,0.19454355537891388
377,0.5400000214576721,0.5400000214576721,0.5400000214576721,-0.8618389368057251,0.18954026699066162
378,0.6600000262260437,0.6600000262260437,0.6600000262260437,-0.7933712601661682,0.29665717482566833
379,0.2199999988079071,0.2199999988079071,0.2199999988079071,-0.6641919016838074,-0.0010479743359610438
380,0.3199999928474426,0.3199999928474426,0.3199999928474426,-0.5365885496139526,0.10585285723209381
381,0.6600000262260437,0.6600000262260437,0.6600000262260437,-1.2842460870742798,0.17393848299980164
382,0.7400000095367432,0.7400000095367432,0.7400000095367432,-0.9919617176055908,0.30700957775115967
383,1.2200000286102295,1.2200000286102295,1.2200000286102295,-1.478000283241272,0.5454999208450317
384,0.5799999833106995,0.5799999833106995,0.5799999833106995,-0.7773677110671997,0.24065807461738586
385,0.5600000023841858,0.5600000023841858,0.5600000023841858,-0.7719241380691528,0.22701896727085114
386,0.5799999833106995,0.5799999833106995,0.5799999833106995,-0.7170785069465637,0.25573039054870605
387,0.6200000047683716,0.6200000047683716,0.6200000047683716,-0.9203286170959473,0.23491784930229187
388,0.7200000286102295,0.7200000286102295,0.7200000286102295,-1.0024327039718628,0.28939181566238403
389,0.3400000035762787,0.3400000035762787,0.3400000035762787,-0.6309580206871033,0.0972604900598526
390,0.6000000238418579,0.6000000238418579,0.6000000238418579,-0.783388614654541,0.2541528344154358
391,0.5600000023841858,0.5600000023841858,0.5600000023841858,-1.2761902809143066,0.10095244646072388
392,0.5600000023841858,0.5600000023841858,0.5600000023841858,-0.8252294063568115,0.21369265019893646
393,0.2800000011920929,0.2800000011920929,0.2800000011920929,-0.7299767732620239,0.02750580944120884
394,0.699999988079071,0.699999988079071,0.699999988079071,-1.021463394165039,0.2696341574192047
395,0.6600000262260437,0.6600000262260437,0.6600000262260437,-1.5127557516098022,0.11681105196475983
396,0.5400000214576721,0.5400000214576721,0.5400000214576721,-0.93265300989151,0.1718367487192154
397,0.7400000095367432,0.7400000095367432,0.7400000095367432,-1.104020118713379,0.27899494767189026
398,0.6600000262260437,0.6600000262260437,0.6600000262260437,-1.241774320602417,0.18455642461776733
399,0.6399999856948853,0.6399999856948853,0.6399999856948853,-0.8918288350105286,0.257042795419693
400,0.4399999976158142,0.4399999976158142,0.4399999976158142,-0.710105299949646,0.15247367322444916
401,0.8600000143051147,0.8600000143051147,0.8600000143051147,-1.1263829469680786,0.363404244184494
402,0.47999998927116394,0.47999998927116394,0.47999998927116394,-0.8005207777023315,0.15986980497837067
403,0.4399999976158142,0.4399999976158142,0.4399999976158142,-0.8033862709999084,0.12915343046188354
404,0.6000000238418579,0.6000000238418579,0.6000000238418579,-0.8115357756614685,0.2471160590648651
405,0.6399999856948853,0.6399999856948853,0.6399999856948853,-0.8838754296302795,0.25903114676475525
406,0.3199999928474426,0.3199999928474426,0.3199999928474426,-0.5374225378036499,0.10564436763525009
407,0.7400000095367432,0.7400000095367432,0.7400000095367432,-1.051846981048584,0.2920382618904114
408,0.6399999856948853,0.6399999856948853,0.6399999856948853,-0.9574837684631348,0.24062906205654144
409,0.4000000059604645,0.4000000059604645,0.4000000059604645,-0.6648791432380676,0.13378021121025085
410,0.699999988079071,0.699999988079071,0.699999988079071,-0.7933575510978699,0.3266606032848358
411,0.5600000023841858,0.5600000023841858,0.5600000023841858,-0.720196008682251,0.2399509847164154
412,0.47999998927116394,0.47999998927116394,0.47999998927116394,-0.6287923455238342,0.202801913022995
413,0.6200000047683716,0.6200000047683716,0.6200000047683716,-1.1524726152420044,0.1768818497657776
414,1.1200000047683716,1.1200000047683716,1.1200000047683716,-1.432619571685791,0.48184511065483093
415,0.3400000035762787,0.3400000035762787,0.3400000035762787,-0.7187218070030212,0.07531954348087311
416,0.5400000214576721,0.5400000214576721,0.5400000214576721,-0.8045841455459595,0.20385396480560303
417,0.5,0.5,0.5,-0.6706644296646118,0.20733389258384705
418,0.5600000023841858,0.5600000023841858,0.5600000023841858,-0.8182222843170166,0.2154444307088852
419,0.5,0.5,0.5,-0.7218208312988281,0.19454479217529297
420,0.3199999928474426,0.3199999928474426,0.3199999928474426,-0.5309561491012573,0.10726095736026764
421,0.5600000023841858,0.5600000023841858,0.5600000023841858,-0.8791153430938721,0.20022116601467133
422,0.3799999952316284,0.3799999952316284,0.3799999952316284,-0.8456169962882996,0.07359575480222702
423,0.6000000238418579,0.6000000238418579,0.6000000238418579,-0.7770901918411255,0.2557274401187897
424,0.2199999988079071,0.2199999988079071,0.2199999988079071,-0.40758681297302246,0.06310329586267471
425,0.3199999928474426,0.3199999928474426,0.3199999928474426,-0.4895203709602356,0.11761990934610367
426,0.5799999833106995,0.5799999833106995,0.5799999833106995,-1.0344436168670654,0.17638909816741943
427,0.5600000023841858,0.5600000023841858,0.5600000023841858,-0.8206561207771301,0.21483595669269562
428,0.4399999976158142,0.4399999976158142,0.4399999976158142,-0.555854856967926,0.19103628396987915
429,0.5600000023841858,0.5600000023841858,0.5600000023841858,-0.8910965919494629,0.19722585380077362
430,0.5600000023841858,0.5600000023841858,0.5600000023841858,-0.8335370421409607,0.21161574125289917
431,0.6800000071525574,0.6800000071525574,0.6800000071525574,-0.9476965069770813,0.2730758786201477
432,0.2800000011920929,0.2800000011920929,0.2800000011920929,-0.41765296459198,0.10558675974607468
433,0.7799999713897705,0.7799999713897705,0.7799999713897705,-1.1164336204528809,0.30589157342910767
434,0.5600000023841858,0.5600000023841858,0.5600000023841858,-0.9537869095802307,0.18155327439308167
435,0.7200000286102295,0.7200000286102295,0.7200000286102295,-0.9230179190635681,0.3092455267906189
436,0.5199999809265137,0.5199999809265137,0.5199999809265137,-0.6902783513069153,0.21743041276931763
437,0.5600000023841858,0.5600000023841858,0.5600000023841858,-0.6599189043045044,0.25502026081085205
438,0.7599999904632568,0.7599999904632568,0.7599999904632568,-1.0504964590072632,0.30737587809562683
439,0.4399999976158142,0.4399999976158142,0.4399999976158142,-0.5593059062957764,0.19017352163791656
440,0.6399999856948853,0.6399999856948853,0.6399999856948853,-0.9706301689147949,0.2373424619436264
441,0.6600000262260437,0.6600000262260437,0.6600000262260437,-0.8236837983131409,0.28907904028892517
442,0.5799999833106995,0.5799999833106995,0.5799999833106995,-0.8602420091629028,0.21993950009346008
443,0.7799999713897705,0.7799999713897705,0.7799999713897705,-0.9608830809593201,0.34477922320365906
444,0.800000011920929,0.800000011920929,0.800000011920929,-0.9797067046165466,0.35507333278656006
445,0.8199999928474426,0.8199999928474426,0.8199999928474426,-0.9596218466758728,0.37509453296661377
446,0.5799999833106995,0.5799999833106995,0.5799999833106995,-0.7646610736846924,0.2438347339630127
447,0.6800000071525574,0.6800000071525574,0.6800000071525574,-1.044150471687317,0.2489623725414276
448,0.6600000262260437,0.6600000262260437,0.6600000262260437,-0.8500858545303345,0.28247854113578796
449,1.0199999809265137,1.0199999809265137,1.0199999809265137,-1.3278560638427734,0.4330359995365143
450,0.36000001430511475,0.36000001430511475,0.36000001430511475,-0.589981734752655,0.12250456213951111
451,0.6200000047683716,0.6200000047683716,0.6200000047683716,-0.8217608332633972,0.2595598101615906
452,0.5600000023841858,0.5600000023841858,0.5600000023841858,-1.0534071922302246,0.1566482037305832
453,0.3199999928474426,0.3199999928474426,0.3199999928474426,-0.6208187937736511,0.08479529619216919
454,0.6000000238418579,0.6000000238418579,0.6000000238418579,-0.7832340002059937,0.25419148802757263
455,0.7200000286102295,0.7200000286102295,0.7200000286102295,-1.0616793632507324,0.2745801508426666
456,0.5400000214576721,0.5400000214576721,0.5400000214576721,-0.7212226390838623,0.22469434142112732
457,0.5400000214576721,0.5400000214576721,0.5400000214576721,-0.8039462566375732,0.2040134221315384
458,0.7200000286102295,0.7200000286102295,0.7200000286102295,-0.9526442289352417,0.3018389344215393
459,0.47999998927116394,0.47999998927116394,0.47999998927116394,-0.6503580212593079,0.1974104940891266
460,0.46000000834465027,0.46000000834465027,0.46000000834465027,-0.7253351211547852,0.16366621851921082
461,0.3799999952316284,0.3799999952316284,0.3799999952316284,-0.6238514184951782,0.12903714179992676
462,0.36000001430511475,0.36000001430511475,0.36000001430511475,-0.5041582584381104,0.14396044611930847
463,0.30000001192092896,0.30000001192092896,0.30000001192092896,-0.38903099298477173,0.1277422457933426
464,0.5400000214576721,0.5400000214576721,0.5400000214576721,-0.8863717317581177,0.18340706825256348
465,0.6399999856948853,0.6399999856948853,0.6399999856948853,-0.9501650929450989,0.24245873093605042
466,0.7599999904632568,0.7599999904632568,0.7599999904632568,-1.2953935861587524,0.24615159630775452
467,0.6399999856948853,0.6399999856948853,0.6399999856948853,-0.8833078742027283,0.25917303562164307
468,0.6200000047683716,0.6200000047683716,0.6200000047683716,-0.7194780111312866,0.28513050079345703
469,0.5400000214576721,0.5400000214576721,0.5400000214576721,-0.7660999894142151,0.21347500383853912
470,0.6000000238418579,0.6000000238418579,0.6000000238418579,-0.8416440486907959,0.23958899080753326
471,0.5600000023841858,0.5600000023841858,0.5600000023841858,-0.7917466759681702,0.2220633327960968
472,0.5,0.5,0.5,-0.7012925148010254,0.19967687129974365
473,0.41999998688697815,0.41999998688697815,0.41999998688697815,-0.5606604218482971,0.17483489215373993
474,0.5799999833106995,0.5799999833106995,0.5799999833106995,-0.9326547384262085,0.20183631777763367
475,0.8399999737739563,0.8399999737739563,0.8399999737739563,-1.0118926763534546,0.37702682614326477
476,0.5400000214576721,0.5400000214576721,0.5400000214576721,-0.9059382081031799,0.1785154491662979
477,0.7599999904632568,0.7599999904632568,0.7599999904632568,-0.8841143846511841,0.3489713966846466
478,0.5400000214576721,0.5400000214576721,0.5400000214576721,-0.7984036207199097,0.20539909601211548
479,0.20000000298023224,0.20000000298023224,0.20000000298023224,-0.4280087947845459,0.042997799813747406
480,0.5799999833106995,0.5799999833106995,0.5799999833106995,-0.7618765830993652,0.24453085660934448
481,0.6800000071525574,0.6800000071525574,0.6800000071525574,-0.9512268900871277,0.2721932828426361
482,0.41999998688697815,0.41999998688697815,0.41999998688697815,-0.5653351545333862,0.17366622388362885
483,0.6399999856948853,0.6399999856948853,0.6399999856948853,-0.8609964847564697,0.2647508978843689
484,0.6000000238418579,0.6000000238418579,0.6000000238418579,-0.8700433373451233,0.23248916864395142
485,0.41999998688697815,0.41999998688697815,0.41999998688697815,-0.8424985408782959,0.10437536984682083
486,0.800000011920929,0.800000011920929,0.800000011920929,-1.0056231021881104,0.3485942482948303
487,0.6399999856948853,0.6399999856948853,0.6399999856948853,-0.8088710308074951,0.27778223156929016
488,0.4000000059604645,0.4000000059604645,0.4000000059604645,-0.5172808766365051,0.17067977786064148
489,0.20000000298023224,0.20000000298023224,0.20000000298023224,-0.23625649511814117,0.09093587100505829
490,0.47999998927116394,0.47999998927116394,0.47999998927116394,-0.7037084102630615,0.18407289683818817
491,0.5400000214576721,0.5400000214576721,0.5400000214576721,-0.7286763191223145,0.22283092141151428
492,0.5799999833106995,0.5799999833106995,0.5799999833106995,-0.8655512928962708,0.2186121791601181
493,0.800000011920929,0.800000011920929,0.800000011920929,-0.9298999309539795,0.36752501130104065
494,0.4399999976158142,0.4399999976158142,0.4399999976158142,-0.5919207334518433,0.18201981484889984
495,0.7200000286102295,0.7200000286102295,0.7200000286102295,-0.9667066931724548,0.2983233332633972
496,0.7200000286102295,0.7200000286102295,0.7200000286102295,-0.9597688913345337,0.3000577986240387
497,0.6200000047683716,0.6200000047683716,0.6200000047683716,-0.8140682578086853,0.26148292422294617
498,0.5199999809265137,0.5199999809265137,0.5199999809265137,-0.7167166471481323,0.21082083880901337
499,0.30000001192092896,0.30000001192092896,0.30000001192092896,-0.3876093029975891,0.12809766829013824
500,0.41999998688697815,0.41999998688697815,0.41999998688697815,-0.5939091444015503,0.16652271151542664
501,0.7400000095367432,0.7400000095367432,0.7400000095367432,-1.0242120027542114,0.2989470064640045
502,0.8600000143051147,0.8600000143051147,0.8600000143051147,-1.0856974124908447,0.3735756576061249
503,0.46000000834465027,0.46000000834465027,0.46000000834465027,-0.7113394737243652,0.1671651303768158
504,0.5,0.5,0.5,-0.7250939011573792,0.1937265247106552
505,0.6200000047683716,0.6200000047683716,0.6200000047683716,-0.8095722794532776,0.2626069188117981
506,0.7799999713897705,0.7799999713897705,0.7799999713897705,-1.1593283414840698,0.2951678931713104
507,0.8999999761581421,0.8999999761581421,0.8999999761581421,-1.0326743125915527,0.4168314039707184
508,0.7200000286102295,0.7200000286102295,0.7200000286102295,-0.9069492816925049,0.3132626712322235
509,0.6399999856948853,0.6399999856948853,0.6399999856948853,-0.8096061944961548,0.27759844064712524
510,0.4399999976158142,0.4399999976158142,0.4399999976158142,-0.4825577735900879,0.20936055481433868
511,0.9200000166893005,0.9200000166893005,0.9200000166893005,-1.1174668073654175,0.41063329577445984
512,0.6399999856948853,0.6399999856948853,0.6399999856948853,-0.9264987707138062,0.2483752965927124
513,0.3199999928474426,0.3199999928474426,0.3199999928474426,-0.5509397387504578,0.10226506739854813
514,0.6399999856948853,0.6399999856948853,0.6399999856948853,-0.937950074672699,0.2455124855041504
515,0.7400000095367432,0.7400000095367432,0.7400000095367432,-0.8777673840522766,0.335558146238327
516,0.699999988079071,0.699999988079071,0.699999988079071,-0.8791948556900024,0.30520129203796387
517,0.5199999809265137,0.5199999809265137,0.5199999809265137,-0.8457520008087158,0.1785620003938675
518,0.8600000143051147,0.8600000143051147,0.8600000143051147,-1.262162208557129,0.32945942878723145
519,0.5400000214576721,0.5400000214576721,0.5400000214576721,-1.0924333333969116,0.13189168274402618
520,0.03999999910593033,0.03999999910593033,0.03999999910593033,-0.307854562997818,-0.046963635832071304
521,0.8799999952316284,0.8799999952316284,0.8799999952316284,-0.9581589102745056,0.4204602837562561
522,1.0800000429153442,1.0800000429153442,1.0800000429153442,-1.176520586013794,0.5158698558807373
523,0.7400000095367432,0.7400000095367432,0.7400000095367432,-0.9019108414649963,0.3295222818851471
524,0.5199999809265137,0.5199999809265137,0.5199999809265137,-0.784482479095459,0.1938793808221817
525,0.5400000214576721,0.5400000214576721,0.5400000214576721,-0.7409332990646362,0.21976667642593384
526,0.5400000214576721,0.5400000214576721,0.5400000214576721,-0.665116012096405,0.23872099816799164
527,0.7400000095367432,0.7400000095367432,0.7400000095367432,-0.9426072835922241,0.31934818625450134
528,0.6200000047683716,0.6200000047683716,0.6200000047683716,-0.7459635138511658,0.27850911021232605
529,0.6200000047683716,0.6200000047683716,0.6200000047683716,-0.9037184119224548,0.23907040059566498
530,0.2800000011920929,0.2800000011920929,0.2800000011920929,-0.39628511667251587,0.11092871427536011
531,0.6600000262260437,0.6600000262260437,0.6600000262260437,-1.0398457050323486,0.23503857851028442
532,0.800000011920929,0.800000011920929,0.800000011920929,-0.9768187403678894,0.35579532384872437
533,0.699999988079071,0.699999988079071,0.699999988079071,-1.1313128471374512,0.2421717792749405
534,0.9800000190734863,0.9800000190734863,0.9800000190734863,-1.254480242729187,0.421379953622818
535,0.4399999976158142,0.4399999976158142,0.4399999976158142,-0.5729176998138428,0.18677057325839996
536,0.5,0.5,0.5,-0.7153633832931519,0.19615915417671204
537,0.8399999737739563,0.8399999737739563,0.8399999737739563,-1.0847480297088623,0.35881298780441284
538,0.46000000834465027,0.46000000834465027,0.46000000834465027,-0.6869701743125916,0.17325745522975922
539,0.6600000262260437,0.6600000262260437,0.6600000262260437,-0.8959845304489136,0.2710038721561432
540,0.7400000095367432,0.7400000095367432,0.7400000095367432,-1.036776065826416,0.295805960893631
541,0.5400000214576721,0.5400000214576721,0.5400000214576721,-0.7421637773513794,0.21945905685424805
542,0.8199999928474426,0.8199999928474426,0.8199999928474426,-0.9889328479766846,0.367766797542572
543,0.36000001430511475,0.36000001430511475,0.36000001430511475,-0.6412108540534973,0.10969728976488113
544,0.699999988079071,0.699999988079071,0.699999988079071,-1.0476607084274292,0.2630848288536072
545,0.2800000011920929,0.2800000011920929,0.2800000011920929,-0.5295487642288208,0.07761281728744507
546,0.6600000262260437,0.6600000262260437,0.6600000262260437,-0.8407701253890991,0.2848074734210968
547,0.8600000143051147,0.8600000143051147,0.8600000143051147,-1.1122124195098877,0.36694690585136414
548,0.7400000095367432,0.7400000095367432,0.7400000095367432,-0.9615135192871094,0.31462162733078003
549,0.25999999046325684,0.25999999046325684,0.25999999046325684,-0.5335140824317932,0.06162147969007492
550,0.7200000286102295,0.7200000286102295,0.7200000286102295,-0.8376506567001343,0.33058732748031616
551,1.0,1.0,1.0,-1.2431468963623047,0.43921327590942383
552,0.4399999976158142,0.4399999976158142,0.4399999976158142,-0.6764122843742371,0.1608969271183014
553,0.6600000262260437,0.6600000262260437,0.6600000262260437,-0.7908958792686462,0.2972760498523712
554,0.6800000071525574,0.6800000071525574,0.6800000071525574,-0.8828195929527283,0.28929510712623596
555,0.6200000047683716,0.6200000047683716,0.6200000047683716,-0.7820003032684326,0.26949992775917053
556,1.0199999809265137,1.0199999809265137,1.0199999809265137,-1.151463508605957,0.4771341383457184
557,0.6800000071525574,0.6800000071525574,0.6800000071525574,-0.8429694175720215,0.29925763607025146
558,0.7200000286102295,0.7200000286102295,0.7200000286102295,-1.0740550756454468,0.27148622274398804
559,0.20000000298023224,0.20000000298023224,0.20000000298023224,-0.37745726108551025,0.055635686963796616
560,1.0199999809265137,1.0199999809265137,1.0199999809265137,-1.2527145147323608,0.45182138681411743
561,0.6399999856948853,0.6399999856948853,0.6399999856948853,-0.7317603230476379,0.29705992341041565
562,0.699999988079071,0.699999988079071,0.699999988079071,-0.960867702960968,0.2847830653190613
563,0.6399999856948853,0.6399999856948853,0.6399999856948853,-0.9032400846481323,0.25418996810913086
564,0.8600000143051147,0.8600000143051147,0.8600000143051147,-1.181343674659729,0.3496640622615814
565,0.6399999856948853,0.6399999856948853,0.6399999856948853,-0.8575096130371094,0.2656225860118866
566,0.7799999713897705,0.7799999713897705,0.7799999713897705,-0.9694302082061768,0.3426424264907837
567,0.8799999952316284,0.8799999952316284,0.8799999952316284,-1.0081995725631714,0.40795010328292847
568,0.25999999046325684,0.25999999046325684,0.25999999046325684,-0.4849826395511627,0.07375434041023254
569,0.6600000262260437,0.6600000262260437,0.6600000262260437,-0.8416244983673096,0.2845938801765442
570,0.5,0.5,0.5,-0.7298914194107056,0.1925271451473236
571,0.699999988079071,0.699999988079071,0.699999988079071,-0.7971470952033997,0.32571321725845337
572,0.5400000214576721,0.5400000214576721,0.5400000214576721,-0.6703397631645203,0.23741506040096283
573,0.8999999761581421,0.8999999761581421,0.8999999761581421,-1.1360355615615845,0.39099112153053284
574,0.6399999856948853,0.6399999856948853,0.6399999856948853,-1.1447672843933105,0.1938081681728363
575,0.6200000047683716,0.6200000047683716,0.6200000047683716,-0.7797321677207947,0.2700669765472412
576,0.7200000286102295,0.7200000286102295,0.7200000286102295,-0.8213652968406677,0.334658682346344
577,0.7799999713897705,0.7799999713897705,0.7799999713897705,-0.934889554977417,0.351277619600296
578,1.0800000429153442,1.0800000429153442,1.0800000429153442,-1.6051013469696045,0.40872466564178467
579,0.3799999952316284,0.3799999952316284,0.3799999952316284,-0.5359071493148804,0.15102320909500122
580,0.800000011920929,0.800000011920929,0.800000011920929,-0.948710560798645,0.36282235383987427
581,0.7200000286102295,0.7200000286102295,0.7200000286102295,-0.9635701775550842,0.29910746216773987
582,0.800000011920929,0.800000011920929,0.800000011920929,-1.0187216997146606,0.34531956911087036
583,0.8799999952316284,0.8799999952316284,0.8799999952316284,-1.0595791339874268,0.3951052129268646
584,0.9599999785423279,0.9599999785423279,0.9599999785423279,-1.3308621644973755,0.38728445768356323
585,1.0800000429153442,1.0800000429153442,1.0800000429153442,-1.1814411878585815,0.5146397352218628
586,0.699999988079071,0.699999988079071,0.699999988079071,-0.8280394673347473,0.31799012422561646
587,0.6800000071525574,0.6800000071525574,0.6800000071525574,-0.8842353224754333,0.2889411747455597
588,0.6600000262260437,0.6600000262260437,0.6600000262260437,-0.8046442866325378,0.2938389182090759
589,1.2799999713897705,1.2799999713897705,1.2799999713897705,-1.496510624885559,0.5858723521232605
590,0.9599999785423279,0.9599999785423279,0.9599999785423279,-1.1850768327713013,0.4237307906150818
591,0.8799999952316284,0.8799999952316284,0.8799999952316284,-1.039534330368042,0.4001164436340332
592,0.7400000095367432,0.7400000095367432,0.7400000095367432,-0.880828857421875,0.3347927927970886
593,0.5400000214576721,0.5400000214576721,0.5400000214576721,-0.6758615374565125,0.23603461682796478
594,0.9399999976158142,0.9399999976158142,0.9399999976158142,-1.0452628135681152,0.44368427991867065
595,1.0199999809265137,1.0199999809265137,1.0199999809265137,-1.234203577041626,0.45644909143447876
596,0.8999999761581421,0.8999999761581421,0.8999999761581421,-1.0573318004608154,0.4106670320034027
597,0.7599999904632568,0.7599999904632568,0.7599999904632568,-0.9433949589729309,0.3341512680053711
598,0.4000000059604645,0.4000000059604645,0.4000000059604645,-0.52158522605896,0.16960370540618896
599,0.699999988079071,0.699999988079071,0.699999988079071,-0.8900101184844971,0.3024974763393402
600,0.9200000166893005,0.9200000166893005,0.9200000166893005,-1.1500149965286255,0.4024962782859802
601,0.7599999904632568,0.7599999904632568,0.7599999904632568,-0.9419702887535095,0.33450743556022644
602,0.6399999856948853,0.6399999856948853,0.6399999856948853,-0.973323404788971,0.2366691529750824
603,0.7200000286102295,0.7200000286102295,0.7200000286102295,-0.7928102612495422,0.34179744124412537
604,0.3199999928474426,0.3199999928474426,0.3199999928474426,-0.7035006880760193,0.06412482261657715
605,0.6800000071525574,0.6800000071525574,0.6800000071525574,-0.874406635761261,0.2913983464241028
606,0.3799999952316284,0.3799999952316284,0.3799999952316284,-0.47615110874176025,0.16596221923828125
607,0.5199999809265137,0.5199999809265137,0.5199999809265137,-0.6829572916030884,0.21926067769527435
608,0.7200000286102295,0.7200000286102295,0.7200000286102295,-0.8427100777626038,0.32932248711586
609,0.7200000286102295,0.7200000286102295,0.7200000286102295,-0.9302743673324585,0.3074313998222351
610,0.6399999856948853,0.6399999856948853,0.6399999856948853,-0.7958157062530518,0.281046062707901
611,0.8999999761581421,0.8999999761581421,0.8999999761581421,-0.9916476607322693,0.42708808183670044
612,0.7400000095367432,0.7400000095367432,0.7400000095367432,-1.0492222309112549,0.29269441962242126
613,0.5199999809265137,0.5199999809265137,0.5199999809265137,-0.5930127501487732,0.24174681305885315
614,0.47999998927116394,0.47999998927116394,0.47999998927116394,-0.7332777976989746,0.1766805499792099
615,0.6000000238418579,0.6000000238418579,0.6000000238418579,-0.7980648875236511,0.25048378109931946
616,0.8199999928474426,0.8199999928474426,0.8199999928474426,-1.138892412185669,0.33027687668800354
617,0.8600000143051147,0.8600000143051147,0.8600000143051147,-1.003869652748108,0.3940325975418091
618,0.47999998927116394,0.47999998927116394,0.47999998927116394,-0.6472465395927429,0.19818836450576782
619,0.7799999713897705,0.7799999713897705,0.7799999713897705,-0.9096109867095947,0.3575972616672516
620,0.6600000262260437,0.6600000262260437,0.6600000262260437,-0.8726512789726257,0.27683719992637634
621,0.9399999976158142,0.9399999976158142,0.9399999976158142,-1.1456741094589233,0.418581485748291
622,0.699999988079071,0.699999988079071,0.699999988079071,-0.9993161559104919,0.2751709520816803
623,0.6200000047683716,0.6200000047683716,0.6200000047683716,-0.7198939323425293,0.28502652049064636
624,0.699999988079071,0.699999988079071,0.699999988079071,-1.158499836921692,0.2353750467300415
625,0.6600000262260437,0.6600000262260437,0.6600000262260437,-0.7990739345550537,0.29523152112960815
626,0.8799999952316284,0.8799999952316284,0.8799999952316284,-1.2066996097564697,0.3583250939846039
627,0.5600000023841858,0.5600000023841858,0.5600000023841858,-0.8304423093795776,0.21238942444324493
628,0.800000011920929,0.800000011920929,0.800000011920929,-1.1477203369140625,0.3130699098110199
629,0.41999998688697815,0.41999998688697815,0.41999998688697815,-0.607195258140564,0.16320118308067322
630,0.6399999856948853,0.6399999856948853,0.6399999856948853,-0.9408057928085327,0.24479854106903076
631,0.4399999976158142,0.4399999976158142,0.4399999976158142,-0.5954749584197998,0.1811312586069107
632,0.8600000143051147,0.8600000143051147,0.8600000143051147,-1.0297958850860596,0.38755103945732117
633,0.8199999928474426,0.8199999928474426,0.8199999928474426,-1.4959765672683716,0.24100585281848907
634,1.0199999809265137,1.0199999809265137,1.0199999809265137,-1.1315181255340576,0.48212045431137085
635,0.46000000834465027,0.46000000834465027,0.46000000834465027,-0.6269043684005737,0.18827390670776367
636,0.5799999833106995,0.5799999833106995,0.5799999833106995,-0.7580576539039612,0.2454855889081955
637,0.8600000143051147,0.8600000143051147,0.8600000143051147,-0.9154285192489624,0.41614288091659546
638,1.059999942779541,1.059999942779541,1.059999942779541,-1.2923704385757446,0.4719074070453644
639,0.5,0.5,0.5,-0.5894436240196228,0.2276390939950943
640,0.5199999809265137,0.5199999809265137,0.5199999809265137,-0.6161016821861267,0.23597458004951477
641,0.8600000143051147,0.8600000143051147,0.8600000143051147,-1.0661256313323975,0.3784686028957367
642,0.6600000262260437,0.6600000262260437,0.6600000262260437,-0.9313485622406006,0.26216286420822144
643,0.30000001192092896,0.30000001192092896,0.30000001192092896,-0.35707613825798035,0.13573096692562103
644,0.699999988079071,0.699999988079071,0.699999988079071,-0.8158412575721741,0.32103967666625977
645,0.9399999976158142,0.9399999976158142,0.9399999976158142,-1.064487338066101,0.4388781785964966
646,0.8999999761581421,0.8999999761581421,0.8999999761581421,-1.0969457626342773,0.40076354146003723
647,0.7799999713897705,0.7799999713897705,0.7799999713897705,-0.9628446102142334,0.3442888557910919
648,0.5199999809265137,0.5199999809265137,0.5199999809265137,-0.5965406894683838,0.2408648282289505
649,0.7599999904632568,0.7599999904632568,0.7599999904632568,-0.9254257082939148,0.3386435806751251
650,0.7400000095367432,0.7400000095367432,0.7400000095367432,-0.9050754904747009,0.32873111963272095
651,0.6399999856948853,0.6399999856948853,0.6399999856948853,-0.7880129814147949,0.2829967439174652
652,0.6000000238418579,0.6000000238418579,0.6000000238418579,-0.7786129713058472,0.25534674525260925
653,0.7599999904632568,0.7599999904632568,0.7599999904632568,-1.0795179605484009,0.3001205027103424
654,0.6600000262260437,0.6600000262260437,0.6600000262260437,-0.8802932500839233,0.27492669224739075
655,0.7799999713897705,0.7799999713897705,0.7799999713897705,-0.9524088501930237,0.34689778089523315
656,0.7200000286102295,0.7200000286102295,0.7200000286102295,-0.7707169651985168,0.3473207652568817
657,0.5,0.5,0.5,-0.5748971104621887,0.23127572238445282
658,0.2800000011920929,0.2800000011920929,0.2800000011920929,-0.4359953701496124,0.10100115090608597
659,0.4399999976158142,0.4399999976158142,0.4399999976158142,-0.5898895263671875,0.18252761662006378
660,0.6000000238418579,0.6000000238418579,0.6000000238418579,-0.864276111125946,0.23393097519874573
661,0.36000001430511475,0.36000001430511475,0.36000001430511475,-0.4297925531864166,0.1625518649816513
662,0.5,0.5,0.5,-0.6656306982040405,0.20859232544898987
663,0.6000000238418579,0.6000000238418579,0.6000000238418579,-0.8036288619041443,0.24909277260303497
664,0.8999999761581421,0.8999999761581421,0.8999999761581421,-1.0952379703521729,0.40119051933288574
665,0.6600000262260437,0.6600000262260437,0.6600000262260437,-0.8873206973075867,0.2731698155403137
666,0.2800000011920929,0.2800000011920929,0.2800000011920929,-0.4915127456188202,0.08712181448936462
667,0.7799999713897705,0.7799999713897705,0.7799999713897705,-0.9520657658576965,0.34698355197906494
668,0.3799999952316284,0.3799999952316284,0.3799999952316284,-0.4911995530128479,0.16220010817050934
669,1.0199999809265137,1.0199999809265137,1.0199999809265137,-1.1194242238998413,0.4851439297199249
670,0.5799999833106995,0.5799999833106995,0.5799999833106995,-0.7436263561248779,0.2490934133529663
671,0.7599999904632568,0.7599999904632568,0.7599999904632568,-0.8080065250396729,0.3679983615875244
672,0.5600000023841858,0.5600000023841858,0.5600000023841858,-0.8325925469398499,0.21185186505317688
673,0.8600000143051147,0.8600000143051147,0.8600000143051147,-1.0144882202148438,0.3913779556751251
674,0.4399999976158142,0.4399999976158142,0.4399999976158142,-0.7143803238868713,0.15140491724014282
675,0.6000000238418579,0.6000000238418579,0.6000000238418579,-0.725635290145874,0.26859116554260254
676,0.41999998688697815,0.41999998688697815,0.41999998688697815,-0.6257506608963013,0.1585623323917389
677,0.25999999046325684,0.25999999046325684,0.25999999046325684,-0.3970002233982086,0.09574994444847107
678,0.7599999904632568,0.7599999904632568,0.7599999904632568,-0.9596084356307983,0.33009788393974304
679,1.1399999856948853,1.1399999856948853,1.1399999856948853,-1.385359764099121,0.508660078048706
680,0.6000000238418579,0.6000000238418579,0.6000000238418579,-0.7574881315231323,0.26062798500061035
681,0.6399999856948853,0.6399999856948853,0.6399999856948853,-1.0539209842681885,0.21651975810527802
682,0.6600000262260437,0.6600000262260437,0.6600000262260437,-0.8702855110168457,0.27742862701416016
683,0.6200000047683716,0.6200000047683716,0.6200000047683716,-1.197407603263855,0.16564810276031494
684,0.8799999952316284,0.8799999952316284,0.8799999952316284,-1.1116141080856323,0.38209646940231323
685,0.3400000035762787,0.3400000035762787,0.3400000035762787,-0.5501011610031128,0.11747470498085022
686,0.7400000095367432,0.7400000095367432,0.7400000095367432,-0.836024284362793,0.34599393606185913
687,0.9800000190734863,0.9800000190734863,0.9800000190734863,-1.2476609945297241,0.42308473587036133
688,0.6399999856948853,0.6399999856948853,0.6399999856948853,-0.8064895868301392,0.27837759256362915
689,0.9399999976158142,0.9399999976158142,0.9399999976158142,-1.153871774673462,0.41653206944465637
690,0.6200000047683716,0.6200000047683716,0.6200000047683716,-0.9665602445602417,0.22335994243621826
691,0.6800000071525574,0.6800000071525574,0.6800000071525574,-0.9221486449241638,0.2794628441333771
692,0.46000000834465027,0.46000000834465027,0.46000000834465027,-0.6695184707641602,0.17762038111686707
693,0.8999999761581421,0.8999999761581421,0.8999999761581421,-1.056693196296692,0.410826712846756
694,0.7599999904632568,0.7599999904632568,0.7599999904632568,-0.8945183157920837,0.3463704288005829
695,0.41999998688697815,0.41999998688697815,0.41999998688697815,-0.5220496654510498,0.18448758125305176
696,0.5799999833106995,0.5799999833106995,0.5799999833106995,-0.6266576051712036,0.2783356010913849
697,0.8399999737739563,0.8399999737739563,0.8399999737739563,-0.9864941835403442,0.38337644934654236
698,0.41999998688697815,0.41999998688697815,0.41999998688697815,-0.6054874658584595,0.16362813115119934
699,0.5600000023841858,0.5600000023841858,0.5600000023841858,-0.7854991555213928,0.22362521290779114
700,0.7400000095367432,0.7400000095367432,0.7400000095367432,-0.9164126515388489,0.32589682936668396
701,0.36000001430511475,0.36000001430511475,0.36000001430511475,-0.5686225891113281,0.12784436345100403
702,0.7799999713897705,0.7799999713897705,0.7799999713897705,-1.0248485803604126,0.3287878632545471
703,0.5600000023841858,0.5600000023841858,0.5600000023841858,-0.7237414121627808,0.23906464874744415
704,0.5400000214576721,0.5400000214576721,0.5400000214576721,-0.7110357880592346,0.22724105417728424
705,0.5400000214576721,0.5400000214576721,0.5400000214576721,-0.7396861910820007,0.2200784534215927
706,0.5400000214576721,0.5400000214576721,0.5400000214576721,-0.6416497230529785,0.24458757042884827
707,0.800000011920929,0.800000011920929,0.800000011920929,-0.927125871181488,0.3682185411453247
708,0.36000001430511475,0.36000001430511475,0.36000001430511475,-0.5608038902282715,0.129799023270607
709,0.9399999976158142,0.9399999976158142,0.9399999976158142,-1.0854853391647339,0.433628648519516
710,0.5799999833106995,0.5799999833106995,0.5799999833106995,-0.6892232298851013,0.26269420981407166
711,0.6000000238418579,0.6000000238418579,0.6000000238418579,-0.7158044576644897,0.2710488736629486
712,0.5,0.5,0.5,-0.7428054809570312,0.1892986297607422
713,0.5600000023841858,0.5600000023841858,0.5600000023841858,-0.7090155482292175,0.24274611473083496
714,0.4399999976158142,0.4399999976158142,0.4399999976158142,-0.6870073676109314,0.1582481563091278
715,0.8399999737739563,0.8399999737739563,0.8399999737739563,-0.9916544556617737,0.3820863962173462
716,0.47999998927116394,0.47999998927116394,0.47999998927116394,-0.6725467443466187,0.1918633133172989
717,0.5,0.5,0.5,-0.7487249970436096,0.1878187507390976
718,0.5199999809265137,0.5199999809265137,0.5199999809265137,-0.8806949853897095,0.16982625424861908
719,0.47999998927116394,0.47999998927116394,0.47999998927116394,-0.6750498414039612,0.19123753905296326
720,0.3199999928474426,0.3199999928474426,0.3199999928474426,-0.4082645773887634,0.1379338502883911
721,0.5799999833106995,0.5799999833106995,0.5799999833106995,-0.7643222808837891,0.24391943216323853
722,0.7400000095367432,0.7400000095367432,0.7400000095367432,-0.9507229924201965,0.31731924414634705
723,0.7799999713897705,0.7799999713897705,0.7799999713897705,-0.9364713430404663,0.3508821725845337
724,0.699999988079071,0.699999988079071,0.699999988079071,-1.063218355178833,0.2591954171657562
725,0.41999998688697815,0.41999998688697815,0.41999998688697815,-0.5629329681396484,0.1742667555809021
726,0.36000001430511475,0.36000001430511475,0.36000001430511475,-0.6311130523681641,0.11222174018621445
727,0.7599999904632568,0.7599999904632568,0.7599999904632568,-0.8793613910675049,0.3501596450805664
728,0.9599999785423279,0.9599999785423279,0.9599999785423279,-1.1637169122695923,0.42907077074050903
729,0.699999988079071,0.699999988079071,0.699999988079071,-0.8620449304580688,0.30948877334594727
730,0.47999998927116394,0.47999998927116394,0.47999998927116394,-0.7091994881629944,0.18270012736320496
731,0.47999998927116394,0.47999998927116394,0.47999998927116394,-0.7190335988998413,0.18024159967899323
732,0.4399999976158142,0.4399999976158142,0.4399999976158142,-0.49034515023231506,0.2074137181043625
733,0.5199999809265137,0.5199999809265137,0.5199999809265137,-0.7762304544448853,0.19594238698482513
734,0.6200000047683716,0.6200000047683716,0.6200000047683716,-0.8981714248657227,0.24045714735984802
735,0.8999999761581421,0.8999999761581421,0.8999999761581421,-1.0530712604522705,0.41173216700553894
736,0.4000000059604645,0.4000000059604645,0.4000000059604645,-0.5060142278671265,0.17349644005298615
737,0.5199999809265137,0.5199999809265137,0.5199999809265137,-0.9959127902984619,0.14102180302143097
738,0.8999999761581421,0.8999999761581421,0.8999999761581421,-1.089605450630188,0.40259864926338196
739,0.6800000071525574,0.6800000071525574,0.6800000071525574,-0.8972160816192627,0.28569597005844116
740,0.47999998927116394,0.47999998927116394,0.47999998927116394,-0.8130536675453186,0.1567365825176239
741,0.4399999976158142,0.4399999976158142,0.4399999976158142,-0.5464296936988831,0.1933925747871399
742,0.5799999833106995,0.5799999833106995,0.5799999833106995,-0.8804854154586792,0.214878648519516
743,0.5799999833106995,0.5799999833106995,0.5799999833106995,-0.7638908624649048,0.2440272718667984
744,0.7599999904632568,0.7599999904632568,0.7599999904632568,-0.853731095790863,0.35656723380088806
745,0.46000000834465027,0.46000000834465027,0.46000000834465027,-0.631348729133606,0.18716281652450562
746,0.4399999976158142,0.4399999976158142,0.4399999976158142,-0.723457396030426,0.14913564920425415
747,0.5600000023841858,0.5600000023841858,0.5600000023841858,-0.6966177225112915,0.24584557116031647
748,0.4399999976158142,0.4399999976158142,0.4399999976158142,-0.5819688439369202,0.18450778722763062
749,0.4399999976158142,0.4399999976158142,0.4399999976158142,-0.5894048810005188,0.18264879286289215
